StateWellID,Latitude,Longitude,WellDepth,Rainfall,Elevation,Tmin,claytotal_l,awc_l,pi_r,ph_r,Fluoride_avg,Exceedance
339101,36.476111,-101.221111,144,498.0795548,917,5.67071624,18,0.119999997,19,8.199999809,1.24,0
1030802,34.504167,-102.303056,376,487.5383252,1163,5.49932065,27,0.119999997,21,7.900000095,1.515,0
1038201,34.467778,-102.2975,378,481.8483338,1151,5.59389525,27,0.119999997,21,7.900000095,1.24,0
1038603,34.437778,-102.260278,381,475.6524371,1140,5.69850544,27,0.119999997,21,7.900000095,1.48,0
1040503,34.428055,-102.043334,370,465.4927175,1116,5.95718416,27,0.119999997,21,7.900000095,1.44,0
1038604,34.448611,-102.292222,376,478.7989858,1146,5.64241245,55,0.109999999,44,7.800000191,1.036666667,0
1022404,34.697778,-102.373055,275,490.0005946,1173,5.58659119,27,0.119999997,19,7.900000095,1.875,0
1036301,34.481944,-102.512223,380,478.8894712,1188,5.49271108,27,0.119999997,19,7.900000095,1.17,0
1036302,34.481111,-102.52,385,478.4823516,1189,5.49473598,27,0.119999997,19,7.900000095,1.35,0
1037403,34.423889,-102.497222,379,473.6947474,1173,5.53446315,27,0.119999997,19,7.900000095,1.415,0
1037601,34.4405556,-102.4008333,399,478.5136147,1160,5.5675746,27,0.119999997,19,7.900000095,1.03,0
1037602,34.426944,-102.410556,382,476.5083436,1159,5.58353219,27,0.119999997,19,7.900000095,1.236666667,0
1038202,34.4825,-102.302223,354,484.2863016,1156,5.55171084,27,0.119999997,19,7.900000095,1.156,0
1039402,34.451945,-102.214445,400,474.5428515,1139,5.72655678,27,0.119999997,19,7.900000095,1.64,0
1039501,34.432778,-102.179444,254,469.2274289,1132,5.80781106,27,0.119999997,19,7.900000095,1.48,0
1039901,34.392778,-102.153334,401,461.9690162,1121,5.91818558,27,0.119999997,19,7.900000095,1.69,0
1040402,34.421389,-102.107778,402,463.1027339,1124,5.89231002,27,0.119999997,19,7.900000095,1.55,0
1040708,34.386945,-102.117222,415,459.4548277,1117,5.9665395,27,0.119999997,19,7.900000095,1.4775,0
1045102,34.349445,-102.469722,301,467.9815392,1160,5.55045124,27,0.119999997,19,7.900000095,1.63,0
1045202,34.336111,-102.418055,367,467.8952999,1152,5.6180568,27,0.119999997,19,7.900000095,1.43,0
1045501,34.319722,-102.418611,330,466.874576,1150,5.62886923,27,0.119999997,19,7.900000095,1.3,0
1046410,34.317222,-102.337222,320,466.9816862,1137,5.76293341,27,0.119999997,19,7.900000095,1.76,0
1047101,34.353612,-102.234167,370,465.3284478,1125,5.86647192,27,0.119999997,19,7.900000095,1.94,0
1039702,34.378889,-102.233611,414,467.0770229,1127,5.82551853,22,0.109999999,22,8,1.66,0
1032401,34.542778,-102.103889,270,479.727182,1139,5.76278729,18,0.090000004,21,8.800000191,2.848,1
1127407,34.562501,-101.718333,125,511.0878467,1050,6.52333183,15,0.129999995,16.5,8.199999809,4.34,1
1028704,34.529722,-102.586389,420,480.5654448,1213,5.4863581,18,0.07,20,8.399999619,1.41,0
1028703,34.518889,-102.605001,425,479.3768709,1213,5.49728822,18,0.07,20,8.399999619,1.68,0
1018901,34.645278,-102.77,340,485.1448378,1240,5.57399757,12,0.119999997,13,7.5,1.59,0
1025703,34.524444,-102.975,406,454.7205467,1270,5.696413,12,0.119999997,13,7.5,1.55,0
1025905,34.515001,-102.894445,350,463.1969914,1249,5.6081989,12,0.119999997,13,7.5,1.46,0
1025907,34.511112,-102.882222,350,464.3049672,1246,5.59463864,12,0.119999997,13,7.5,1.77,0
1027705,34.530833,-102.727778,459,479.0411123,1233,5.54286449,12,0.119999997,13,7.5,1.51,0
1033605,34.440556,-102.903612,429,458.0686939,1249,5.66706421,12,0.119999997,13,7.5,2.24,1
1042302,34.350834,-102.766667,371,462.1330849,1206,5.4964203,12,0.119999997,13,7.5,2.15,1
1035705,34.415556,-102.719722,298,467.3415357,1217,5.52389982,12,0.119999997,13,7.5,1.89,0
1035708,34.415278,-102.718611,418,467.3528142,1216,5.5235994,12,0.119999997,13,7.5,1.95,0
940912,34.378889,-103.005556,412,448.4307683,1251,5.75870338,6,0.090000004,11,6.900000095,2.446,1
940913,34.380278,-103.032222,380,447.9428558,1253,5.76632915,6,0.090000004,11,6.900000095,2.37,1
948304,34.373055,-103.039167,397,447.6413591,1251,5.76588505,6,0.090000004,11,6.900000095,2.16,1
1033902,34.378333,-102.885278,375,456.7558033,1234,5.65824788,6,0.090000004,11,6.900000095,1.78,0
1034404,34.451667,-102.838334,488,464.1321873,1240,5.58975007,6,0.090000004,11,6.900000095,2.16,1
1041209,34.346667,-102.956112,395,450.1523017,1236,5.71049212,6,0.090000004,11,6.900000095,2.61,1
1042104,34.350278,-102.8475,360,458.3339303,1219,5.59373285,6,0.090000004,11,6.900000095,2.16,1
1043405,34.329167,-102.721944,411,462.537278,1189,5.46746931,6,0.090000004,11,6.900000095,2.095,1
1042506,34.329722,-102.800556,385,460.2798344,1203,5.51353781,6,0.090000004,11,6.900000095,2.38,1
1018505,34.679167,-102.796945,360,482.2926637,1247,5.58066295,22,0.109999999,22,8,1.5,0
1018506,34.673055,-102.7925,325,482.9273576,1246,5.5803847,22,0.109999999,22,8,1.55,0
1019202,34.728889,-102.688611,449,484.3845848,1228,5.52493259,22,0.109999999,22,8,1.94,0
1019404,34.685,-102.729167,468,486.1783165,1232,5.54603433,22,0.109999999,22,8,2.58,1
1019502,34.668055,-102.706945,502,487.0312073,1227,5.53691798,22,0.109999999,22,8,2.092,1
1020402,34.670833,-102.599722,360,485.3315659,1213,5.50609539,22,0.109999999,22,8,1.62,0
1027201,34.583889,-102.702223,485,485.1078225,1237,5.54666344,22,0.109999999,22,8,1.65,0
1028202,34.614445,-102.5675,460,484.9317726,1216,5.4844968,22,0.109999999,22,8,2.16,1
924303,34.741111,-103.031111,360,453.8552381,1324,5.68767014,27,0.119999997,19,7.900000095,1.045,0
1019504,34.669444,-102.693611,507,487.0340521,1226,5.53167064,27,0.119999997,19,7.900000095,1.51,0
1019705,34.636111,-102.726944,332,486.9544646,1232,5.54981474,27,0.119999997,19,7.900000095,1.95,0
1025704,34.525555,-102.985556,430,453.834618,1272,5.70472134,27,0.119999997,19,7.900000095,2.1,1
1027501,34.5694444,-102.6836111,493,483.9930039,1234,5.53695945,27,0.119999997,19,7.900000095,1.54,0
1027702,34.525278,-102.723889,440,478.4992992,1231,5.53877086,27,0.119999997,19,7.900000095,1.7,0
1027703,34.504167,-102.7275,455,475.8213534,1227,5.53096316,27,0.119999997,19,7.900000095,1.835,0
1035503,34.450556,-102.696389,360,471.0099801,1215,5.52059877,27,0.119999997,19,7.900000095,1.82,0
1035504,34.441111,-102.679167,400,470.5662476,1211,5.52063603,27,0.119999997,19,7.900000095,1.85,0
1035707,34.415001,-102.738889,462,466.6904982,1220,5.52914588,27,0.119999997,19,7.900000095,1.89,0
1035803,34.385278,-102.668333,395,466.4524428,1202,5.5114764,27,0.119999997,19,7.900000095,2.2,1
1036602,34.443056,-102.539167,379,474.2478174,1184,5.51629911,27,0.119999997,19,7.900000095,1.47,0
1036704,34.393889,-102.614445,386,468.234604,1194,5.50098868,27,0.119999997,19,7.900000095,1.485,0
1044203,34.365278,-102.542222,366,467.6237366,1176,5.49962419,27,0.119999997,19,7.900000095,1.545,0
1036402,34.456389,-102.591111,347,473.9623392,1195,5.50880749,27,0.119999997,19,7.900000095,1.78,0
1019709,34.638334,-102.711945,356,487.1989922,1230,5.54119559,18,0.090000004,17,8.300000191,2.12,1
1044204,34.34,-102.550001,370,465.7590368,1171,5.49746917,15,0.100000001,12,8,1.74,0
1036401,34.4463889,-102.5902778,375,473.103314,1194,5.51008873,12,0.119999997,13,7.5,1.55,0
2443801,33.275278,-102.674722,140,423.2599844,1098,7.2728,15,0.119999997,17,8.300000191,5.27,1
2441101,33.341945,-102.999445,200,414.8499733,1169,6.86164989,4,0.109999999,5,7.400000095,2.546,1
2443402,33.311945,-102.732778,145,420.5524298,1115,7.13733021,4,0.109999999,5,7.400000095,3.066666667,1
2450404,33.180555,-102.856667,196,404.4448167,1120,7.28770407,4,0.109999999,5,7.400000095,3.77,1
2458504,33.040834,-102.815001,300,436.7903071,1095,7.6771442,4,0.109999999,5,7.400000095,1.675,0
2459502,33.051945,-102.698056,126,431.7530468,1075,7.7478905,4,0.109999999,5,7.400000095,4.513333333,1
2556503,33.183334,-103.053334,180,408.0850395,1152,7.18689224,4,0.109999999,5,7.400000095,1.13,0
2701201,32.99,-102.9425,222,430.6995254,1110,7.67074349,4,0.109999999,5,7.400000095,1.98,0
2701206,32.9825,-102.943889,152,430.6595432,1109,7.687295,4,0.109999999,5,7.400000095,1.95,0
2703204,32.964723,-102.669167,175,435.3331959,1051,7.97336118,4,0.109999999,5,7.400000095,3.773333333,1
2701212,32.991111,-102.955834,230,427.4536498,1113,7.65458235,15,0.100000001,10,7.800000191,2.365,1
2450403,33.1814028,-102.8534306,198,404.3625783,1120,7.28775851,5,0.109999999,6,8,3.81,1
2450406,33.183611,-102.851389,195,404.2339289,1120,7.28439171,5,0.109999999,6,8,3.875,1
2411802,33.791389,-102.679444,163,443.3035576,1134,6.45662296,8,0.090000004,8,8.100000381,2.61,1
2418308,33.731389,-102.752223,228,443.3309353,1148,6.5340399,10,0.090000004,3,7.900000095,2.921666667,1
2524304,33.709723,-103.020278,210,434.4940109,1203,6.36621612,10,0.100000001,14,6.400000095,1.403333333,0
2417503,33.688889,-102.921389,170,438.8494488,1180,6.48375895,5,0.109999999,6,8,1.2825,0
2418502,33.680278,-102.83,248,442.1260471,1166,6.57374802,5,0.109999999,6,8,1.77,0
2427902,33.53,-102.628333,255,445.677559,1116,6.8645273,5,0.109999999,6,8,2.91,1
2427903,33.505,-102.6283333,210,444.646077,1114,6.89845444,5,0.109999999,6,8,2.87,1
2428401,33.571944,-102.618055,283,447.3502272,1118,6.8307866,5,0.109999999,6,8,2.62,1
2428402,33.571667,-102.620555,265,447.1967181,1119,6.82740127,5,0.109999999,6,8,2.05,1
2524601,33.707223,-103.0225,210,434.3550482,1203,6.36835869,5,0.109999999,6,8,1.29,0
2420103,33.749167,-102.615278,230,446.9032962,1120,6.64119496,20,0.109999999,16,8.199999809,3.54,1
2436105,33.4725,-102.618611,240,443.5430918,1109,6.97655958,10,0.109999999,9,8,4.1425,1
2419703,33.663889,-102.721944,195,443.8904241,1142,6.67132901,8,0.109999999,8,8.199999809,3.1,1
2425101,33.6172222,-102.9961111,295,432.7262747,1200,6.44454487,8,0.109999999,8,8.199999809,3.25,1
2433802,33.396389,-102.939445,223,421.4197267,1164,6.80928497,4,0.109999999,5,7.400000095,2.175,1
2803604,32.9466667,-101.6522222,60,502.7064373,900,8.92366493,13,0.140000001,13,7.199999809,3.45,1
2812105,32.845556,-101.622778,55,499.4574093,893,9.03887672,13,0.140000001,13,7.199999809,4.9,1
2812402,32.830975,-101.5851472,70,501.4542758,886,9.1173036,13,0.140000001,13,7.199999809,2.5,1
735801,35.416112,-102.678055,400,446.2659649,1154,5.54481044,20,0.100000001,17,8.199999809,0.455,0
742902,35.253612,-102.752501,130,452.0280471,1264,5.39047201,22,0.109999999,22,8,2.31,1
744815,35.271111,-102.565834,250,458.7093877,1235,5.24348402,22,0.109999999,22,8,1.595,0
744501,35.3316667,-102.5705556,165,453.0724881,1198,5.39863646,22,0.100000001,21,8.399999619,0.48,0
635626,35.4380556,-101.6419444,715,513.7561486,1050,6.57593827,25,0.140000001,17,7.599999905,0.8755,0
635627,35.4280556,-101.6255556,900,516.5948107,1061,6.4792646,25,0.140000001,17,7.599999905,0.92975,0
635629,35.436111,-101.660278,650,511.2822212,1040,6.66733755,25,0.140000001,17,7.599999905,1.010666667,0
756404,35.191111,-102.088056,362,470.0207428,1161,5.61830958,27,0.119999997,19,7.900000095,2.5,1
756523,35.191111,-102.078333,351,470.0331107,1159,5.63518633,27,0.119999997,19,7.900000095,2.64,1
643604,35.311112,-101.628611,355,516.4716861,1081,6.43700144,27,0.119999997,21,7.900000095,1.5225,0
643606,35.2983333,-101.6544444,385,512.9563031,1082,6.46136125,27,0.119999997,21,7.900000095,1.915,0
756524,35.1875,-102.078889,310,470.170139,1160,5.63483399,27,0.119999997,21,7.900000095,2.34,1
649310,35.2430556,-101.8938889,113,488.0387266,1097,6.26112297,5,0.050000001,18,8.100000381,2.54,1
756202,35.2175,-102.077778,283,469.4360466,1153,5.66052315,22,0.119999997,19,7.900000095,1.87,0
756401,35.194167,-102.112223,356,470.1759346,1167,5.57304357,22,0.119999997,19,7.900000095,3.8,1
756501,35.206667,-102.063889,300,469.767824,1153,5.66552775,22,0.119999997,19,7.900000095,1.93,0
756525,35.190834,-102.073055,365,470.0842515,1158,5.64384498,22,0.119999997,19,7.900000095,2.46,1
649603,35.185278,-101.912778,344,484.4943522,1120,6.06408762,27,0.119999997,24,7.5,1.575,0
636401,35.420278,-101.622778,620,517.3275644,1065,6.45196141,22,0.100000001,17,8.5,1.115,0
753224,35.241667,-102.421111,334,466.4333194,1221,5.26695918,22,0.119999997,19,7.900000095,2.2775,1
1137308,34.479722,-101.416944,100,538.4523428,1002,6.96250382,15,0.119999997,12,7.900000095,3.5,1
1131402,34.5522028,-101.2422722,200,543.4011829,970,7.04066102,15,0.07,20,8.399999619,2.14,1
2759105,32.105834,-102.744167,195,356.5756959,995,9.76755263,18,0.140000001,10,8.199999809,0.653333333,0
2733201,32.4711111,-102.9455556,70,367.2921469,1044,8.91579945,8,0.109999999,7.5,8.199999809,0.6,0
2733202,32.4705556,-102.9541667,120,366.6274739,1046,8.90664204,8,0.109999999,7.5,8.199999809,0.8594,0
2736211,32.4650556,-102.5786944,195,378.2000291,966,9.51703477,8,0.109999999,7.5,8.199999809,4.615,1
2738603,32.4355556,-102.2627778,191,396.4971312,908,9.885901,8,0.109999999,7.5,8.199999809,5.67,1
2751504,32.205001,-102.691389,150,364.1083561,981,9.73858256,8,0.109999999,7.5,8.199999809,0.6,0
2750502,32.17,-102.8086111,190,358.2996969,1009,9.4725386,18,0.100000001,12.5,7.5,0.5665,0
2750601,32.181111,-102.772222,180,359.8868418,1004,9.51099478,18,0.100000001,12.5,7.5,0.95,0
2750903,32.151945,-102.767222,100,358.1626095,1002,9.59475049,18,0.100000001,12.5,7.5,0.253333333,0
2751401,32.1872222,-102.7466667,129,361.2558143,997,9.57696961,18,0.100000001,12.5,7.5,0.47,0
2751601,32.1986111,-102.6555556,115,364.5076932,975,9.8355689,18,0.100000001,12.5,7.5,0.956666667,0
2751701,32.1511111,-102.7394444,119,359.2445425,995,9.68026112,18,0.100000001,12.5,7.5,0.19,0
2752401,32.1675,-102.6113889,140,363.6316508,966,9.96441209,18,0.100000001,12.5,7.5,0.5,0
2746501,32.3008333,-102.3236111,107,380.5608937,914,10.20710251,15,0.100000001,15,8,1.68,0
2754502,32.2005556,-102.3183333,47,374.4955777,903,10.48010221,15,0.100000001,15,8,1.6,0
2734301,32.481667,-102.776111,140,380.8071456,1011,9.04360425,11,0.090000004,13,8.199999809,5.35,1
2737106,32.4752222,-102.4613333,166,384.3606697,947,9.60601136,15,0.100000001,15,8,4.67,1
2743701,32.2722222,-102.7338889,135,366.124518,990,9.60992312,15,0.100000001,15,8,3.3,1
2734101,32.480278,-102.847778,139,376.5999509,1023,8.98074781,20,0.100000001,12,8.199999809,2.526666667,1
2736201,32.477778,-102.553056,200,380.5430891,963,9.46483066,20,0.100000001,12,8.199999809,5.2,1
2736208,32.468889,-102.555001,200,379.0143212,963,9.51052347,20,0.100000001,12,8.199999809,4.186666667,1
2738101,32.4780556,-102.3522222,130,393.4513458,922,9.75903414,20,0.100000001,12,8.199999809,4.335,1
2738604,32.440278,-102.269444,196,396.3629443,910,9.86144398,20,0.100000001,12,8.199999809,5.58,1
2738802,32.4163889,-102.3186111,95,389.7544123,916,9.92847081,20,0.100000001,12,8.199999809,5.605,1
2739404,32.4459333,-102.2113833,208,402.2172274,895,9.94295115,20,0.100000001,12,8.199999809,4.36,1
2739405,32.451389,-102.215001,215,402.410972,896,9.91954887,20,0.100000001,12,8.199999809,4.666666667,1
2744217,32.364445,-102.559723,110,366.8995112,967,9.80427604,20,0.100000001,12,8.199999809,3.5,1
655801,35.1577778,-101.2036111,147,559.9757293,984,6.68009208,27,0.119999997,19,7.900000095,0.57,0
1105103,34.968889,-101.459167,180,536.6017814,1028,6.63727176,27,0.119999997,19,7.900000095,2.69,1
652506,35.173611,-101.563334,254,526.148799,1068,6.45315684,27,0.180000007,24,7.5,2.175,1
661608,35.044445,-101.383334,230,558.9547153,1031,6.46846824,27,0.180000007,24,7.5,2.04,1
662302,35.106389,-101.275278,301,563.3769289,1013,6.54749551,27,0.180000007,24,7.5,1.36,0
662702,35.038056,-101.361667,240,559.1066697,1025,6.48587859,27,0.180000007,24,7.5,1.23,0
1104101,34.989167,-101.593334,230,513.9097998,1042,6.59138545,27,0.180000007,24,7.5,3.2,1
1105201,34.9713611,-101.4451944,248,539.1513712,1029,6.62174464,27,0.180000007,24,7.5,3.401666667,1
1106804,34.9136111,-101.3211111,250,546.331592,1005,6.73648728,27,0.180000007,24,7.5,1.66,0
1107401,34.916944,-101.229167,155,554.2835228,970,6.87571829,27,0.180000007,24,7.5,0.38,0
1112511,34.819444,-101.546389,132,509.8057062,1007,6.74892588,27,0.180000007,24,7.5,2.0225,1
1112522,34.792778,-101.542778,160,511.4909997,1021,6.64819641,27,0.180000007,24,7.5,2.17,1
1112701,34.7783333,-101.6166667,190,508.8094218,1049,6.45346777,27,0.180000007,24,7.5,3.606666667,1
1112801,34.778333,-101.546111,165,512.4235249,1028,6.59147062,27,0.180000007,24,7.5,4.08,1
662103,35.096945,-101.364723,263,565.5814995,1030,6.47798933,18,0.07,19,8.399999619,2.096666667,1
1058502,34.070555,-102.829444,151,441.2285886,1187,5.87147685,6,0.090000004,11,6.900000095,1.86,0
1058603,34.064167,-102.780278,137,441.096295,1183,5.83276033,6,0.090000004,11,6.900000095,0.62,0
2409604,33.833055,-102.916389,215,437.0726786,1183,6.21187949,6,0.090000004,11,6.900000095,1.808,0
2409301,33.868055,-102.898611,121,435.4721205,1183,6.13534426,8,0.100000001,10,8,2.645,1
1043911,34.284722,-102.639722,261,461.9790056,1160,5.49784593,12,0.119999997,13,7.5,1.84,0
1050511,34.1758333,-102.8266667,165,454.655645,1181,5.65593227,5,0.109999999,6,8,0.46,0
1059404,34.078611,-102.742778,204,445.1835205,1187,5.74639278,5,0.109999999,6,8,0.73,0
1059603,34.063612,-102.642778,219,448.3965444,1177,5.59592059,5,0.109999999,6,8,0.76,0
1049606,34.196667,-102.909445,205,448.908721,1189,5.69244139,4,0.050000001,4,7.599999905,1.75,0
1051205,34.238334,-102.679444,232,461.0814086,1155,5.52936031,4,0.050000001,4,7.599999905,1.82,0
1041604,34.308056,-102.879167,392,455.0426667,1208,5.5968849,6,0.090000004,11,6.900000095,2.6,1
2409203,33.838889,-102.945,208,436.6387761,1189,6.20688755,6,0.090000004,11,6.900000095,2.215,1
2409204,33.839445,-102.951112,202,436.5564737,1190,6.2073542,6,0.090000004,11,6.900000095,2.95,1
2401702,33.902223,-102.968055,212,435.686474,1208,6.13793777,12,0.119999997,13,7.5,2.305,1
1051905,34.142222,-102.643611,227,456.1732593,1166,5.57651827,3,0.059999999,4,8.100000381,1.22,0
1051910,34.1427778,-102.6352778,232,456.2416931,1164,5.58209375,3,0.059999999,4,8.100000381,1.27,0
1052701,34.154445,-102.615001,253,457.0844496,1158,5.60735058,3,0.059999999,4,8.100000381,0.5,0
1051711,34.134167,-102.726667,230,454.603992,1180,5.64447301,15,0.119999997,12,8.100000381,1.91,0
1051606,34.190556,-102.663612,210,459.4435481,1157,5.5667265,5,0.039999999,4,8.300000191,0.67,0
1041801,34.2775,-102.934445,219,449.5580511,1208,5.67238474,10,0.100000001,10,8.199999809,2.065,1
1049306,34.216112,-102.908334,205,449.8501836,1189,5.66431417,10,0.100000001,10,8.199999809,2.86,1
1041603,34.301945,-102.901389,248,453.1121755,1210,5.62480439,4,0.050000001,6,7.599999905,2.08,1
1049104,34.230555,-102.981389,202,444.0953436,1207,5.74813053,4,0.050000001,6,7.599999905,2.89,1
2411301,33.852778,-102.641111,70,443.1311632,1136,6.28245121,4,0.050000001,6,7.599999905,3.6,1
1051426,34.196111,-102.728611,220,459.9181505,1165,5.58645952,3,0.050000001,4,7.599999905,0.35,0
2403101,33.9775,-102.745,171,430.5855863,1161,5.90210398,13,0.140000001,13,7.199999809,3.548,1
1057401,34.045,-102.964445,132,438.4192978,1227,6.04893667,15,0.100000001,12,8,1.11,0
1057801,34.003889,-102.955834,150,437.0574448,1228,6.0729164,15,0.100000001,12,8,2.0025,1
956308,34.2121361,-103.0338389,185,441.586927,1210,5.78759125,4,0.109999999,5,7.400000095,1.94,0
956602,34.205278,-103.029444,184,441.3949196,1209,5.79233885,4,0.109999999,5,7.400000095,2.01,1
1049208,34.213334,-102.942222,195,446.6125542,1196,5.71702262,4,0.109999999,5,7.400000095,2.52,1
1049209,34.213334,-102.956112,185,445.4040344,1199,5.73418949,4,0.109999999,5,7.400000095,2.31,1
1051423,34.203056,-102.745834,211,459.9928865,1166,5.58314751,4,0.109999999,5,7.400000095,0.485,0
1051517,34.176667,-102.698889,260,458.9350396,1165,5.58108219,4,0.109999999,5,7.400000095,0.45,0
1052410,34.17,-102.621389,237,457.9987388,1155,5.60164762,4,0.109999999,5,7.400000095,1.15,0
964301,34.0925,-103.021111,150,438.4006221,1216,5.97443079,10,0.100000001,13,7.199999809,2.264,1
1042906,34.286667,-102.779444,262,460.5121644,1181,5.47222033,10,0.100000001,13,7.199999809,1.7375,0
1058902,34.034167,-102.787222,96,435.7597442,1178,5.8720706,25,0.100000001,17,8.199999809,9.4,1
2827509,32.546945,-101.666944,135,472.8376514,848,9.57595082,8,0.100000001,10,8,4.27,1
2803901,32.9011556,-101.6520278,145,500.4989637,901,8.93042338,40,0.109999999,40,7.599999905,3.406666667,1
1121603,34.676111,-101.384167,165,519.4488411,980,6.97390547,27,0.119999997,19,7.900000095,3.75,1
1130801,34.510556,-101.315001,180,539.4517651,1000,6.88456373,27,0.119999997,19,7.900000095,2.6,1
1137701,34.3909278,-101.4609667,218,531.3457858,1009,7.08587934,27,0.119999997,19,7.900000095,4,1
1137848,34.376667,-101.443056,220,534.1357846,1007,7.10975466,27,0.119999997,19,7.900000095,4.81,1
1137942,34.405556,-101.376389,247,546.8436203,1001,7.08433447,27,0.119999997,19,7.900000095,4.268,1
1138228,34.475,-101.308056,200,542.5450622,997,6.9938077,27,0.119999997,19,7.900000095,3.675,1
1138336,34.473889,-101.273889,225,544.0891856,992,7.00565813,27,0.119999997,19,7.900000095,3.75,1
1138836,34.405834,-101.311945,250,550.860953,993,7.15138755,27,0.119999997,19,7.900000095,4.136666667,1
1139534,34.453889,-101.195,210,562.3919464,976,7.05180261,27,0.119999997,19,7.900000095,3.59,1
1145515,34.319167,-101.435834,300,531.205901,1002,7.20302212,27,0.119999997,19,7.900000095,3.64,1
1146501,34.318889,-101.293889,278,559.310303,985,7.29298928,27,0.119999997,19,7.900000095,1.85,0
1020304,34.745834,-102.502778,350,485.1679815,1191,5.57077738,27,0.119999997,19,7.900000095,2.27,1
1021402,34.691945,-102.495556,332,485.9788261,1191,5.53572679,27,0.119999997,19,7.900000095,2.25,1
1021501,34.6825,-102.4425,300,488.2759463,1184,5.54006253,27,0.119999997,19,7.900000095,2.28,1
1021803,34.6463889,-102.4472222,254,489.5888928,1190,5.48098433,27,0.119999997,19,7.900000095,1.545,0
1024105,34.716944,-102.085556,200,484.3202946,1152,5.68676365,27,0.119999997,19,7.900000095,1.27,0
1024802,34.656667,-102.059445,219,484.560229,1138,5.77706247,27,0.119999997,19,7.900000095,2.9,1
1024804,34.640556,-102.050556,220,484.6371896,1135,5.80728857,27,0.119999997,19,7.900000095,1.315,0
1024805,34.633334,-102.050556,220,484.6162722,1134,5.81404123,27,0.119999997,19,7.900000095,1.62,0
1029302,34.606945,-102.403889,397,494.5941258,1191,5.40963507,27,0.119999997,19,7.900000095,1.92,0
1029603,34.567778,-102.405834,425,493.8474174,1193,5.37702935,27,0.119999997,19,7.900000095,2.35,1
1029901,34.512778,-102.407501,400,488.4317542,1182,5.42502453,27,0.119999997,19,7.900000095,1.1,0
1030608,34.546389,-102.285,410,491.2233673,1169,5.46826737,27,0.119999997,19,7.900000095,2.55,1
1031502,34.544445,-102.186389,362,481.6492245,1154,5.63051321,27,0.119999997,19,7.900000095,3.9,1
1031803,34.52,-102.1775,400,479.4925739,1151,5.65373304,27,0.119999997,19,7.900000095,2.1,1
1032201,34.6127778,-102.0683333,244,483.9542043,1136,5.80076254,27,0.119999997,19,7.900000095,1.705,0
1032202,34.619444,-102.050556,220,484.4689008,1133,5.82821709,27,0.119999997,19,7.900000095,0.883333333,0
1032703,34.5252778,-102.1236111,384,478.3329339,1142,5.72681933,27,0.119999997,19,7.900000095,2.63,1
1040101,34.473333,-102.108056,378,471.6390957,1135,5.78058774,27,0.119999997,19,7.900000095,1.945,0
1048102,34.333889,-102.095834,414,457.7201354,1104,6.12117733,27,0.119999997,19,7.900000095,2.17,1
1048302,34.352501,-102.038334,361,459.4893103,1098,6.16092953,27,0.119999997,19,7.900000095,1.55,0
1048303,34.365556,-102.003056,250,463.459547,1095,6.18036523,27,0.119999997,19,7.900000095,1.36,0
2409602,33.816389,-102.907501,220,437.807116,1179,6.24573503,6,0.090000004,11,6.900000095,2.84,1
2409801,33.761945,-102.956389,177,437.5775088,1187,6.32627634,6,0.090000004,11,6.900000095,3.16,1
2409901,33.765001,-102.896945,193,439.6563677,1175,6.36945712,6,0.090000004,11,6.900000095,2.723333333,1
2411803,33.753334,-102.669722,192,444.5176943,1131,6.56668116,6,0.090000004,11,6.900000095,3.69,1
2418601,33.6884444,-102.7827472,238,443.1423095,1156,6.58659556,6,0.090000004,11,6.900000095,3.024,1
2419902,33.642222,-102.644445,200,446.2826064,1127,6.7409267,6,0.090000004,11,6.900000095,2.4,1
2426402,33.571667,-102.857501,350,437.2822978,1163,6.62667235,6,0.090000004,11,6.900000095,2.245,1
2428104,33.600556,-102.62,220,447.5201456,1121,6.7956064,6,0.090000004,11,6.900000095,2.854,1
2428702,33.505834,-102.621111,253,445.1378002,1113,6.91293642,6,0.090000004,11,6.900000095,2.99,1
2435203,33.487778,-102.694445,245,439.8367583,1127,6.82892502,6,0.090000004,11,6.900000095,3.36,1
2436401,33.4575,-102.62,202,442.5323281,1108,7.0024453,6,0.090000004,11,6.900000095,3.65,1
2419303,33.7191667,-102.6469444,267,445.732304,1126,6.65848722,12,0.119999997,13,7.5,4.62,1
2436102,33.473055,-102.616112,227,443.7395589,1109,6.98126685,6,0.090000004,11,6.900000095,3.4,1
2411403,33.8072222,-102.7430556,130,440.662265,1148,6.3109296,8,0.100000001,10,8,3.01,1
2417801,33.638056,-102.921667,203,437.4634669,1181,6.52579589,10,0.109999999,9,8,3.63,1
2329403,33.556112,-101.462778,307,504.0309205,939,8.43145743,10,0.109999999,9,8,2.0875,1
2328312,33.592778,-101.536111,220,485.138386,950,8.35142705,12,0.100000001,13,8.100000381,3.01,1
2321710,33.665278,-101.468611,350,490.7599118,955,8.20228688,13,0.140000001,13,7.199999809,2.65,1
2322402,33.6746444,-101.3493,337,526.3110241,940,8.20072405,13,0.140000001,13,7.199999809,2.11,1
2322906,33.662778,-101.268055,330,545.7289426,925,8.2927042,13,0.140000001,13,7.199999809,2.84,1
2329202,33.618333,-101.434722,260,502.1735374,945,8.29027633,13,0.140000001,13,7.199999809,3.012,1
2329302,33.602778,-101.393889,306,516.0126596,937,8.33526482,13,0.140000001,13,7.199999809,3.55,1
2322504,33.6747167,-101.3225694,367,534.0844988,936,8.20287816,22,0.100000001,21,8.399999619,2.48,1
2329703,33.539445,-101.463056,300,506.3042691,935,8.48947846,10,0.100000001,13,7.199999809,3.14,1
2312902,33.7672222,-101.5077778,350,491.2115849,968,8.05453995,35,0.150000006,27,8.100000381,2.38,1
2313503,33.796111,-101.444722,350,502.5803906,962,8.02958071,35,0.150000006,27,8.100000381,3.04,1
2313706,33.782778,-101.490556,380,494.6907436,967,8.0393631,35,0.150000006,27,8.100000381,2.73,1
2313803,33.777222,-101.456945,342,499.0518767,962,8.0576028,35,0.150000006,27,8.100000381,2.66,1
2315401,33.819167,-101.239722,384,528.9603058,925,8.12775009,35,0.150000006,27,8.100000381,2.95,1
2315501,33.8213889,-101.205,400,532.4584845,927,8.09614658,35,0.150000006,27,8.100000381,3.07,1
2315601,33.825555,-101.159723,365,539.6481115,931,8.04131507,35,0.150000006,27,8.100000381,2.78,1
2320614,33.669722,-101.530555,343,483.3504691,962,8.18411568,35,0.150000006,27,8.100000381,1.96,0
2321202,33.738611,-101.456389,320,495.9605871,959,8.1094846,35,0.150000006,27,8.100000381,2.8,1
2322103,33.740278,-101.346389,240,523.2177715,945,8.12615389,35,0.150000006,27,8.100000381,3.128,1
2322503,33.6794444,-101.2980556,346,539.494256,933,8.21765858,35,0.150000006,27,8.100000381,3.28,1
2322702,33.659723,-101.342222,354,529.2985821,938,8.2213844,35,0.150000006,27,8.100000381,2.72,1
2324401,33.698056,-101.098334,325,553.3929402,900,8.42033489,35,0.150000006,27,8.100000381,2.83,1
2312607,33.82,-101.509723,355,495.9024247,973,7.9708323,22,0.119999997,19,7.900000095,3.35,1
2313606,33.7975,-101.3875,370,513.1555551,955,8.03813616,22,0.119999997,19,7.900000095,2.633333333,1
236602,36.454167,-102.540834,65,434.9580812,1251,4.57946907,15,0.050000001,15,8.399999619,2.736666667,1
243601,36.296667,-102.630555,380,434.0827976,1281,4.58748158,15,0.050000001,15,8.399999619,2.15,1
243701,36.255001,-102.745834,313,429.5116137,1300,4.55358908,15,0.050000001,15,8.399999619,2.05,1
244801,36.270555,-102.555278,370,434.2459846,1262,4.67070839,15,0.050000001,15,8.399999619,2.4,1
252701,36.13,-102.622222,420,428.6316323,1244,4.73409609,15,0.050000001,15,8.399999619,0.77,0
253501,36.188334,-102.456945,495,432.8583223,1225,4.82909164,15,0.050000001,15,8.399999619,1.38,0
253702,36.1336111,-102.4733333,510,431.2504416,1220,4.85692626,15,0.050000001,15,8.399999619,0.62,0
260302,36.084167,-102.501389,550,428.6470582,1216,4.8633386,15,0.050000001,15,8.399999619,0.98,0
233915,36.413056,-102.890834,300,418.5842483,1364,4.33115231,8,0.100000001,10,7.099999905,1.45,0
234710,36.386389,-102.838334,156,423.025387,1338,4.38108981,8,0.100000001,10,7.099999905,1.35,0
237201,36.476111,-102.449722,250,435.052371,1234,4.59516845,8,0.100000001,10,7.099999905,1.6,0
242704,36.277778,-102.867222,300,424.2699169,1334,4.46883264,8,0.100000001,10,7.099999905,1.22,0
242904,36.274444,-102.768333,300,428.752851,1308,4.53098535,8,0.100000001,10,7.099999905,2.46,1
253901,36.137222,-102.409445,470,432.5884602,1210,4.90399901,8,0.100000001,10,7.099999905,1.5,0
258301,36.083889,-102.789445,402,427.9907366,1287,4.69822003,8,0.100000001,10,7.099999905,1.24,0
260607,36.067778,-102.531389,560,427.5928598,1216,4.84784265,8,0.100000001,10,7.099999905,1.53,0
260609,36.0613889,-102.5325,576,427.4392651,1215,4.85129395,8,0.100000001,10,7.099999905,1.2725,0
258106,36.088334,-102.874722,400,426.2403223,1309,4.7046442,20,0.100000001,25,8.300000191,2.01,1
260502,36.0638889,-102.5480556,592,427.4801852,1218,4.83549129,20,0.100000001,25,8.300000191,1.4225,0
260503,36.0613889,-102.5425,593,427.4190977,1217,4.84226549,20,0.100000001,25,8.300000191,1.44,0
260610,36.061112,-102.537222,602,427.4154449,1216,4.84722973,20,0.100000001,25,8.300000191,1.49,0
233701,36.3938889,-102.9625,437,415.0460064,1394,4.3613366,20,0.100000001,25,8.300000191,1.24,0
257303,36.093889,-102.887778,455,425.9986341,1313,4.69599935,20,0.100000001,25,8.300000191,2.04,1
261101,36.095,-102.488334,563,429.4264452,1216,4.86761169,20,0.100000001,25,8.300000191,0.71,0
234712,36.386945,-102.841945,180,422.7154329,1339,4.37931096,7,0.090000004,6,8,1.435,0
235204,36.4641667,-102.6822222,150,432.474282,1288,4.44274638,7,0.090000004,6,8,4.615,1
235206,36.4636944,-102.6829167,270,432.446813,1288,4.44223029,7,0.090000004,6,8,3.07,1
235207,36.4636389,-102.6844167,240,432.3733796,1289,4.44083456,7,0.090000004,6,8,4.35,1
263501,36.071389,-102.194445,450,440.0183637,1157,5.12848135,7,0.090000004,6,8,1.08,0
245502,36.310834,-102.455834,400,434.2502902,1232,4.75252233,12,0.050000001,10,8.199999809,1.6,0
237602,36.428333,-102.391389,300,435.3029627,1216,4.68362642,20,0.100000001,25,8.300000191,1.52,0
258305,36.111945,-102.782778,468,427.6735967,1292,4.6608588,20,0.100000001,25,8.300000191,1.47,0
156906,36.1419444,-103.0111111,293,426.4284596,1354,4.59286666,10,0.100000001,8,8.199999809,0.85,0
251504,36.168889,-102.681667,430,428.9621741,1267,4.65357595,10,0.100000001,8,8.199999809,1.035,0
242202,36.3644444,-102.7988889,50,426.5300757,1325,4.42414399,12,0.050000001,10,8.199999809,3.303333333,1
251707,36.140834,-102.717778,480,427.9589325,1273,4.63850177,12,0.050000001,10,8.199999809,0.88,0
156309,36.2438889,-103.0316667,256,422.1968702,1376,4.42761344,8,0.100000001,9,7.199999809,0.57,0
2217102,33.7336111,-100.9947222,421,563.4984437,901,8.40038661,27,0.109999999,22,7.099999905,0.912,0
1201656,34.931389,-100.882778,125,577.811495,844,7.39505882,10,0.109999999,7,8.199999809,0.5,0
1212401,34.816944,-100.605556,180,597.0919248,762,8.03098004,12,0.140000001,9,8.100000381,0.37,0
549504,35.1825,-100.939722,697,591.2218937,957,6.73763709,35,0.119999997,18,8,0.82,0
549607,35.168055,-100.903056,673,596.5477124,941,6.80837448,22,0.100000001,23,8.199999809,0.84,0
2608505,32.950278,-103.056667,155,405.1588694,1122,7.68701286,6,0.090000004,11,6.900000095,1.17,0
2704505,32.9427778,-102.5627778,168,432.0482204,1025,8.06918425,6,0.090000004,11,6.900000095,4.54,1
2706512,32.938889,-102.295556,160,439.0799276,973,8.27822772,6,0.090000004,11,6.900000095,5.615,1
2728301,32.587222,-102.536389,100,397.7218064,974,8.94115619,6,0.090000004,11,6.900000095,4.8725,1
2701910,32.893889,-102.901667,180,431.6534492,1086,7.97161908,5,0.109999999,6,8,1.485,0
2704518,32.936667,-102.575278,155,431.3613207,1027,8.08455153,5,0.109999999,6,8,4.7625,1
2711605,32.8327778,-102.6413889,116,417.9590649,1023,8.36876801,10,0.109999999,9,8,5.5475,1
2702807,32.888889,-102.799445,190,439.6405996,1064,8.05374955,3,0.059999999,4,8.100000381,1.8,0
2624507,32.682778,-103.057223,226,362.2985461,1085,8.43081853,18,0.090000004,17,6.300000191,1.34,0
2702811,32.900556,-102.794722,180,442.2967075,1066,8.02575772,18,0.090000004,17,6.300000191,2.86,1
2703501,32.948056,-102.670278,146,434.7281108,1048,8.01104719,18,0.090000004,17,6.300000191,4.34,1
2703705,32.911112,-102.722778,146,437.1320212,1051,8.05513693,18,0.090000004,17,6.300000191,3.7,1
2705527,32.9226972,-102.4181889,160,437.613967,993,8.20686871,18,0.090000004,17,6.300000191,4.856,1
2711205,32.8425,-102.699722,154,421.243647,1038,8.26035353,18,0.090000004,17,6.300000191,3,1
2711206,32.848611,-102.670278,159,421.1109905,1032,8.27308292,18,0.090000004,17,6.300000191,4.47,1
2717213,32.714445,-102.945,220,382.7659016,1071,8.39808612,18,0.090000004,17,6.300000191,1.52,0
2717511,32.6925,-102.919444,211,385.3864644,1062,8.48740334,18,0.090000004,17,6.300000191,1.755,0
2718519,32.703334,-102.818611,195,399.720913,1039,8.55563155,18,0.090000004,17,6.300000191,1.8,0
2719126,32.726389,-102.744445,150,404.4047577,1027,8.54580901,18,0.090000004,17,6.300000191,3.3,1
2719127,32.725,-102.741945,198,404.2973144,1026,8.54996215,18,0.090000004,17,6.300000191,3.18,1
2720110,32.724722,-102.589722,170,406.5100693,994,8.67471596,18,0.090000004,17,6.300000191,4.38,1
2721702,32.6467194,-102.4671528,135,406.9730075,962,8.84520112,18,0.090000004,17,6.300000191,3.81,1
2725103,32.598056,-102.9975,100,366.5116549,1066,8.63280731,18,0.090000004,17,6.300000191,3.05,1
2726404,32.5677778,-102.8438889,226,384.6995429,1031,8.76518127,18,0.090000004,17,6.300000191,2.735,1
2727518,32.577778,-102.679444,240,394.4529664,999,8.91101087,18,0.090000004,17,6.300000191,3.245,1
2730102,32.611945,-102.341389,105,410.1600104,938,9.12502713,18,0.090000004,17,6.300000191,2.85,1
2719713,32.630555,-102.740834,122,397.7315603,1016,8.73184858,8,0.100000001,10,8,2,0
2726507,32.571944,-102.805001,180,388.4120223,1024,8.79231233,8,0.100000001,10,8,3.99,1
2702507,32.924444,-102.795,165,446.7630188,1070,7.97012828,10,0.090000004,6,7.900000095,2.113333333,1
2720601,32.694722,-102.533055,117,407.7541054,980,8.68092875,10,0.090000004,6,7.900000095,2.45,1
2702908,32.914723,-102.790556,190,444.9740938,1067,7.99459387,8,0.100000001,10,7.900000095,2.78,1
2717212,32.726389,-102.9325,188,387.0317987,1069,8.37361127,8,0.100000001,10,7.900000095,2.253333333,1
2712201,32.846111,-102.549722,150,424.9117178,1007,8.38052314,5,0.109999999,6,8,4.27,1
2717702,32.610834,-102.995834,100,366.9186124,1067,8.60717981,5,0.109999999,6,8,3.19,1
2720108,32.7225,-102.589445,180,406.3673779,994,8.67770511,5,0.109999999,6,8,4.77,1
4402301,31.9775,-101.755556,155,412.9017729,795,10.62584881,10,0.109999999,9,8,3.29,1
4402309,31.990834,-101.759167,140,412.5562644,798,10.64062712,10,0.109999999,9,8,2.8,1
4403406,31.940556,-101.74,53,415.3066568,788,10.56862912,8,0.050000001,8,8.199999809,3.9,1
2860811,32.040834,-101.545834,250,442.0638645,775,10.57803915,10,0.100000001,10,8.100000381,1.76,0
4403102,31.959723,-101.733334,90,416.9870961,789,10.58144633,8,0.07,5,8.5,3.26,1
1160204,34.0925,-101.578055,271,495.3514991,1003,7.45952789,20,0.07,18,8.199999809,3.1,1
2416315,33.838056,-102.028889,185,473.7383022,1039,7.44620848,20,0.07,18,8.199999809,1.965,0
1151901,34.157501,-101.644722,325,487.0041091,1017,7.28048787,8,0.100000001,10,8,2.96,1
2301802,33.915278,-101.940556,345,479.3108716,1041,7.31004568,8,0.100000001,10,8,1.935,0
1152208,34.238334,-101.574444,281,498.4764596,1015,7.23236362,13,0.140000001,13,7.199999809,2,0
2311202,33.8735833,-101.6912222,415,485.2381512,1002,7.71771155,13,0.140000001,13,7.199999809,2.54,1
1157603,34.062778,-101.891945,285,477.0010248,1049,7.06256879,13,0.140000001,12,7.199999809,2.665,1
1160403,34.082222,-101.587778,300,494.4167313,1003,7.47862733,13,0.140000001,12,7.199999809,2.643333333,1
2311201,33.872222,-101.693889,351,485.0918473,1003,7.7168824,13,0.140000001,12,7.199999809,2.736666667,1
1056203,34.231111,-102.049167,325,464.1551652,1088,6.43158033,22,0.100000001,17,8.5,2.235,1
1056306,34.247778,-102.029167,317,464.4755728,1086,6.42758898,22,0.100000001,17,8.5,1.98,0
1064205,34.122778,-102.076389,270,465.3962679,1077,6.64774677,22,0.100000001,17,8.5,2.333333333,1
1151510,34.1872222,-101.6963889,339,482.3308931,1026,7.1779207,22,0.100000001,17,8.5,2.273333333,1
1149512,34.187778,-101.961112,296,470.5661463,1071,6.66934482,22,0.109999999,22,8,2.145,1
2312108,33.849167,-101.592222,435,490.4576353,987,7.87201407,22,0.109999999,22,8,2.87,1
2408301,33.9925,-102.014723,341,472.0221229,1058,7.02574716,22,0.109999999,22,8,1.325,0
1141602,34.296945,-101.883055,288,477.059007,1067,6.60575884,27,0.119999997,19,7.900000095,1.7,0
1141903,34.280833,-101.900834,317,474.8885345,1067,6.62301131,27,0.119999997,19,7.900000095,1.73,0
1141904,34.27875,-101.9013611,300,474.7977667,1067,6.62776178,27,0.119999997,19,7.900000095,1.62,0
1143704,34.28,-101.716389,306,485.4821196,1039,6.97986411,27,0.119999997,19,7.900000095,1.595,0
1150507,34.189722,-101.828055,332,476.7843626,1048,6.95185512,27,0.119999997,19,7.900000095,2.296666667,1
1151512,34.1835833,-101.6768889,353,483.8578024,1023,7.20790405,27,0.119999997,19,7.900000095,2.7,1
1157102,34.107778,-101.991389,305,469.9246827,1066,6.79164659,27,0.119999997,19,7.900000095,2.31,1
1158103,34.110834,-101.853056,336,477.4865388,1048,7.01577357,27,0.119999997,19,7.900000095,2.595,1
1158204,34.083611,-101.818055,341,479.4359325,1040,7.13868395,27,0.119999997,19,7.900000095,3.2,1
1159404,34.079167,-101.739722,320,482.6767518,1025,7.29596298,27,0.119999997,19,7.900000095,2.76,1
1159505,34.066667,-101.695834,147,485.626787,1016,7.40092719,27,0.119999997,19,7.900000095,3.416666667,1
2301201,33.992778,-101.957501,358,475.3789345,1052,7.10526476,27,0.119999997,19,7.900000095,2.34,1
2302410,33.934722,-101.854445,356,482.2343796,1032,7.38303233,27,0.119999997,19,7.900000095,2.6,1
2303201,33.977778,-101.676944,201,488.0460558,1008,7.55872106,27,0.119999997,19,7.900000095,3.95,1
2312106,33.8662778,-101.6000556,380,490.7029671,989,7.83967853,27,0.119999997,19,7.900000095,2.936666667,1
2408602,33.941111,-102.010556,331,473.8062247,1053,7.15947731,27,0.119999997,19,7.900000095,2.625,1
258803,36.0225,-102.8158333,463,429.3082398,1282,4.78260014,15,0.050000001,15,8.399999619,1.09,0
717701,35.6577778,-102.9894444,125,422.0119845,1259,5.21622949,15,0.050000001,15,8.399999619,1.375,0
257602,36.0458333,-102.91,426,426.7334618,1315,4.71741615,27,0.100000001,11,8.300000191,1.02,0
261401,36.054723,-102.487222,526,428.4398092,1209,4.89151969,27,0.100000001,11,8.300000191,1.61,0
709101,35.863889,-102.964723,260,425.0369557,1284,5.00467333,27,0.100000001,11,8.300000191,2.525,1
710201,35.866112,-102.804723,410,432.583224,1252,4.96499917,27,0.100000001,11,8.300000191,0.93,0
713602,35.8236111,-102.4097222,500,449.0779421,1175,5.1916103,27,0.100000001,11,8.300000191,1.485,0
722201,35.725278,-102.310001,550,462.4620779,1166,5.3660387,27,0.100000001,11,8.300000191,1.34,0
717901,35.6536111,-102.8997222,120,423.0130067,1215,5.33392895,20,0.100000001,25,8.300000191,1.245,0
260801,36.007501,-102.576667,612,428.9039388,1217,4.86216257,28,0.119999997,22,8,1.3,0
712101,35.8391667,-102.5991667,200,440.294783,1181,5.17253367,20,0.100000001,25,8.300000191,1.02,0
710302,35.838056,-102.765556,450,434.492216,1231,5.04800915,27,0.100000001,11,8.300000191,2.14,1
521602,35.678333,-100.400834,232,608.0515672,828,6.97754888,18,0.119999997,13.5,8.199999809,1.44,0
514705,35.759445,-100.371389,110,600.5595478,808,6.96489389,25,0.140000001,16.5,7.900000095,0.61,0
506704,35.913056,-100.374722,186,584.4089584,736,6.80958961,7,0.150000006,8,7.5,1.05,0
504601,35.944445,-100.529722,142,572.1160247,759,6.73942527,5,0.02,5,8.199999809,0.985,0
505920,35.915556,-100.393056,130,583.4958433,737,6.80439395,5,0.02,5,8.199999809,1.3,0
462701,36.026111,-100.341389,282,569.6472919,805,6.43103422,10,0.100000001,4.5,7.5,0.3675,0
462908,36.011112,-100.264723,200,578.8007636,794,6.39986575,10,0.100000001,4.5,7.5,0.286666667,0
439606,36.4319444,-100.1444444,424,576.2482324,780,6.27405173,25,0.140000001,17,7.599999905,0.705333333,0
456601,36.180555,-100.040278,300,602.7741241,753,6.56812185,25,0.140000001,17,7.599999905,0.4175,0
440502,36.4491667,-100.0511111,200,580.5464355,757,6.43049817,20,0.100000001,17,8.199999809,0.3762,0
436603,36.452778,-100.539722,475,547.4024611,861,5.96808557,35,0.140000001,26.5,7.900000095,1.03,0
439402,36.451112,-100.221111,418,570.05687,794,6.21777568,35,0.140000001,26.5,7.900000095,1.066666667,0
462403,36.078055,-100.337222,290,571.5545409,825,6.30783653,18,0.109999999,8,7.5,1.485,0
439607,36.435278,-100.146389,478,576.0791769,781,6.26978788,20,0.079999998,14.5,8.199999809,0.78,0
461102,36.120555,-100.475833,275,562.5593652,839,6.45740628,25,0.100000001,17.5,8.199999809,4.124,1
464306,36.116667,-100.025278,435,605.6433423,773,6.57271601,5,0.059999999,2,7.199999809,0.45,0
2319813,33.662778,-101.691945,297,473.8894185,972,8.27879846,20,0.07,18,8.199999809,2.49,1
2319815,33.6600278,-101.6815,260,474.373076,971,8.2813444,20,0.07,18,8.199999809,2.5975,1
2325904,33.511667,-101.885834,108,473.989777,983,8.34709961,20,0.07,18,8.199999809,6.35,1
2326611,33.562501,-101.783611,117,470.5316598,966,8.48267309,20,0.07,18,8.199999809,3.47,1
2333803,33.397778,-101.933611,130,472.795358,989,8.27847059,20,0.07,18,8.199999809,4.14,1
2334404,33.450278,-101.848334,140,476.1055193,974,8.4506297,20,0.07,18,8.199999809,6.45,1
2334908,33.400001,-101.769167,145,481.6075302,961,8.56783399,20,0.07,18,8.199999809,5.45,1
2335506,33.425,-101.674167,136,484.220559,944,8.65649832,20,0.07,18,8.199999809,5.92,1
2335710,33.412223,-101.713889,274,482.9929442,951,8.61780146,20,0.07,18,8.199999809,5.22,1
2440208,33.49,-102.059445,193,462.3199154,1012,7.9955382,20,0.07,18,8.199999809,4.38,1
2440504,33.441389,-102.0425,192,464.9351019,1008,8.05115419,20,0.07,18,8.199999809,4.8,1
2317412,33.6795,-101.9893611,130,472.066707,1006,7.98355664,18,0.050000001,17,8.399999619,5.973333333,1
2319704,33.649722,-101.740834,239,470.6538969,975,8.30226305,18,0.07,20,8.399999619,2.33,1
2432911,33.5086111,-102.0044444,200,464.169867,1006,8.07609122,12,0.119999997,13,7.5,5.558,1
2327720,33.5355556,-101.7111111,170,467.4839014,953,8.51865591,15,0.100000001,15,8,2.275,1
2335504,33.4175,-101.672778,264,485.7362293,943,8.66391007,55,0.109999999,44,7.800000191,4.9675,1
2318303,33.746667,-101.785556,312,476.6841777,1002,7.94539099,8,0.100000001,10,8,1.83,0
2309504,33.795556,-101.939445,200,479.1714488,1022,7.66802448,22,0.109999999,22,8,2.03,1
2310503,33.802223,-101.82,200,481.7404846,1014,7.72914467,22,0.109999999,22,8,1.9425,0
2318302,33.748056,-101.786667,314,476.8123703,1002,7.93939144,22,0.109999999,22,8,2.2475,1
2318409,33.699445,-101.845278,194,472.5853756,997,8.06675227,22,0.109999999,22,8,1.8,0
2319706,33.684722,-101.666112,312,476.9732863,975,8.20810568,22,0.109999999,22,8,1.75,0
2320805,33.665001,-101.578611,324,480.8031898,966,8.20633424,22,0.109999999,22,8,2.235,1
2424804,33.6505556,-102.0438889,207,465.5915815,1014,7.89358162,22,0.109999999,22,8,4.56,1
2310502,33.798334,-101.814723,300,481.4325308,1013,7.74485222,27,0.119999997,19,7.900000095,2.2,1
2311402,33.812778,-101.717778,350,482.1831839,1001,7.81005227,27,0.119999997,19,7.900000095,1.83,0
2311801,33.766389,-101.705834,350,479.8620599,994,7.95205478,27,0.119999997,19,7.900000095,2.4,1
2312404,33.826667,-101.596945,320,488.8247692,986,7.90280493,27,0.119999997,19,7.900000095,2.06,1
2320403,33.707501,-101.596111,350,481.7349157,974,8.13319721,27,0.119999997,19,7.900000095,2.35,1
2328203,33.609167,-101.581389,280,479.308392,957,8.32840553,6,0.090000004,11,6.900000095,2.4,1
2336201,33.496389,-101.580833,110,485.4604667,926,8.68030949,6,0.090000004,11,6.900000095,4.3,1
2424802,33.650556,-102.061112,200,464.3510417,1018,7.85316802,6,0.090000004,11,6.900000095,3.64,1
2432319,33.619167,-102.010278,159,464.9316352,1008,7.99555706,6,0.090000004,11,6.900000095,4.64,1
2440308,33.490834,-102.008889,194,464.5359163,1006,8.07562714,6,0.090000004,11,6.900000095,4.8,1
2325507,33.574444,-101.934445,200,469.7611312,994,8.20633116,10,0.100000001,13,7.199999809,3.8,1
2325509,33.571944,-101.933055,155,469.8853465,993,8.21067965,10,0.100000001,13,7.199999809,4.17,1
2827705,32.514723,-101.713889,133,469.0385378,844,9.71289415,10,0.109999999,9,8,2.62,1
2850704,32.1502778,-101.8344444,135,409.393122,827,10.6664119,10,0.109999999,9,8,2.986666667,1
2732801,32.512223,-102.058334,110,422.5210508,887,9.639693,6,0.090000004,11,6.900000095,3.54,1
2834701,32.387222,-101.843611,48,422.1573899,810,10.4278789,6,0.090000004,11,6.900000095,3.395,1
2841204,32.363334,-101.933334,130,413.5384395,853,10.30501036,6,0.090000004,11,6.900000095,2.46,1
2849807,32.1563889,-101.9455556,151,395.7306279,837,10.7628628,6,0.090000004,11,6.900000095,2.45,1
2849909,32.1455556,-101.8969444,173,400.1651658,832,10.72516517,6,0.090000004,11,6.900000095,2.74,1
2858109,32.101667,-101.866667,50,399.7035515,821,10.74604119,6,0.090000004,11,6.900000095,2.2,1
2825705,32.512501,-101.961945,160,430.558042,861,9.76130187,8,0.100000001,10,8,4.01,1
2748106,32.373889,-102.109167,218,404.8740876,879,10.21135045,10,0.119999997,10,7.5,4.44,1
2833702,32.3975,-101.958334,100,416.4028152,856,10.24742461,10,0.119999997,10,7.5,1.255,0
2739907,32.381944,-102.143889,220,402.5413286,884,10.16853665,6,0.090000004,11,6.900000095,4.175,1
2756401,32.173611,-102.110834,70,384.9117543,869,10.7108918,15,0.140000001,7.5,7.900000095,0.8175,0
2841503,32.314723,-101.933611,196,409.4999239,859,10.33879338,10,0.059999999,3,7.900000095,2.226666667,1
2739901,32.378105,-102.140539,214,402.4909681,884,10.180848,5,0.109999999,6,8,4.5675,1
2858306,32.116667,-101.771944,205,416.7569477,809,10.66840557,5,0.109999999,6,8,3.6,1
2850301,32.232222,-101.765556,39,421.7447846,795,10.6685743,22,0.109999999,19,8.300000191,4.63,1
2842705,32.288889,-101.855278,122,411.4352498,841,10.3888648,8,0.100000001,10,8,1.1,0
2732701,32.521944,-102.099445,68,420.1517751,887,9.62929676,5,0.140000001,13,7.900000095,7.8,1
2763501,32.044445,-102.183055,174,373.5525879,871,10.79949811,6,0.090000004,11,6.900000095,3.29,1
2857802,32.015834,-101.946389,75,381.2596951,832,10.82812269,6,0.090000004,11,6.900000095,2.2,1
2858402,32.0635778,-101.8672833,77,396.0365307,818,10.75877623,6,0.090000004,11,6.900000095,4.88,1
4508510,31.945,-102.058612,120,373.5363808,843,10.79322413,6,0.090000004,11,6.900000095,1.385,0
2764403,32.076389,-102.105556,80,377.7623608,861,10.83974213,20,0.100000001,17,8.300000191,1,0
2764804,32.035738,-102.072032,150,376.2842871,852,10.8611042,20,0.100000001,17,8.300000191,3.775,1
2857703,32.0341667,-101.9980556,70,377.7406925,843,10.85725184,20,0.100000001,17,8.300000191,0.85775,0
4507602,31.9225,-102.1402778,89,367.08619,859,10.79738935,20,0.100000001,17,8.300000191,2.0375,1
4507415,31.9375,-102.210556,120,361.0124909,873,10.79167162,15,0.100000001,16,6.900000095,0.96,0
2762608,32.046389,-102.2725,132,364.6425169,886,10.72489078,4,0.050000001,6,7.599999905,2.82,1
2763901,32.0110306,-102.1407194,90,373.9872306,864,10.81647645,4,0.050000001,6,7.599999905,2.4475,1
2763507,32.048334,-102.18,160,373.9494058,871,10.80138008,10,0.119999997,8,8.5,2.8,1
2857903,32.004445,-101.874167,160,391.4987375,818,10.7648071,10,0.119999997,8,8.5,3.6,1
4508511,31.956112,-102.078333,85,373.1713419,848,10.80178017,20,0.100000001,17,8.300000191,1.7,0
4401605,31.920833,-101.916112,70,384.8550819,818,10.75573716,15,0.090000004,2.5,7.900000095,2.8,1
610601,35.8297222,-101.7688889,160,465.5935445,1025,6.51931745,10,0.100000001,4.5,7.5,1.51,0
603114,35.960001,-101.741945,380,475.9793383,1049,6.22224282,18,0.119999997,14,8.199999809,1.3,0
617704,35.6355556,-101.9608333,334,469.982312,1110,5.96538747,18,0.119999997,14,8.199999809,1.01,0
618501,35.6872222,-101.7966667,180,478.2767967,1010,6.85712224,10,0.100000001,6,8.199999809,1.47,0
457302,36.085556,-100.899722,450,558.3468112,908,6.64407354,35,0.100000001,21,8.199999809,1.54,0
1101504,34.943056,-101.920833,90,477.8174798,1094,6.36771721,12,0.119999997,13,7.5,0.74,0
657712,35.011945,-101.978889,100,479.0523083,1109,6.23951607,22,0.090000004,20,8.199999809,3.35,1
763925,35.030833,-102.131667,243,481.297748,1151,5.82189421,10,0.090000004,7,8.199999809,2.24,1
763927,35.022778,-102.128611,162,481.620041,1150,5.83434444,10,0.090000004,7,8.199999809,2.82,1
763929,35.029167,-102.1275,161,481.3530634,1150,5.83099624,10,0.090000004,7,8.199999809,2.65,1
764622,35.0419444,-102.0291667,200,479.6388282,1126,6.04958158,10,0.090000004,7,8.199999809,4.667421053,1
764802,35.038056,-102.044167,200,479.937239,1129,6.01953444,10,0.090000004,7,8.199999809,4.88405,1
764911,35.038889,-102.025555,200,479.6654645,1125,6.06434024,10,0.090000004,7,8.199999809,3.5623,1
764913,35.041111,-102.037778,200,479.7604976,1128,6.03027958,10,0.090000004,7,8.199999809,3.761947368,1
764915,35.04,-102.034167,200,479.7453894,1127,6.04130095,10,0.090000004,7,8.199999809,51.69829412,1
764918,35.036945,-102.0375,200,479.8708172,1128,6.03847434,10,0.090000004,7,8.199999809,3.9821875,1
764123,35.107778,-102.107778,252,476.1671409,1158,5.70749487,55,0.119999997,45,7.900000095,2.95475,1
764308,35.117222,-102.019167,223,476.61373,1140,5.86070136,55,0.119999997,45,7.900000095,3.0776,1
764309,35.110556,-102.010556,234,477.3874613,1137,5.89567057,55,0.119999997,45,7.900000095,3.048666667,1
649805,35.132222,-101.926389,233,482.6855644,1124,6.03193282,40,0.119999997,31,7.900000095,2.555,1
764912,35.036667,-102.025833,200,479.7136944,1125,6.06790789,28,0.100000001,32,8.199999809,3.443736842,1
764914,35.034445,-102.030278,200,479.8231562,1126,6.0608756,28,0.100000001,32,8.199999809,3.474470588,1
764916,35.031667,-102.031944,205,479.9098017,1126,6.06116047,28,0.100000001,32,8.199999809,3.883055556,1
1008414,34.922222,-102.089722,160,482.2521693,1142,5.91015331,15,0.100000001,12,8,2.956666667,1
649808,35.154167,-101.937778,286,481.649238,1128,5.98099579,27,0.119999997,19,7.900000095,2.417315789,1
657206,35.124444,-101.938611,254,481.6236147,1126,6.0150637,27,0.119999997,19,7.900000095,3.0961,1
657212,35.111945,-101.956389,236,480.3710222,1127,6.00194149,27,0.119999997,19,7.900000095,3.338526316,1
657505,35.046667,-101.934445,290,480.046669,1109,6.23784181,27,0.119999997,19,7.900000095,2.97,1
657536,35.061945,-101.935278,300,480.5483107,1113,6.18561961,27,0.119999997,19,7.900000095,3.255,1
657825,35.020833,-101.948611,90,479.0223437,1104,6.29652114,27,0.119999997,19,7.900000095,3.9,1
658404,35.072222,-101.851667,231,486.9308579,1100,6.2578278,27,0.119999997,19,7.900000095,3.6,1
658405,35.073333,-101.852778,230,486.8721526,1100,6.25562859,27,0.119999997,19,7.900000095,3.2,1
659503,35.078055,-101.703056,243,503.6211736,1071,6.4133393,27,0.119999997,19,7.900000095,2.56,1
756743,35.166112,-102.099167,347,471.3674888,1165,5.61431152,27,0.119999997,19,7.900000095,1.87,0
763906,35.022778,-102.1325,230,481.6350681,1151,5.82735244,27,0.119999997,19,7.900000095,2.41,1
763930,35.018889,-102.131111,262,481.7795997,1151,5.83246554,27,0.119999997,19,7.900000095,2.83,1
764103,35.124444,-102.115001,282,474.8475848,1163,5.65944774,27,0.119999997,19,7.900000095,2.82405,1
764625,35.053889,-102.007223,299,479.3086913,1124,6.06985697,27,0.119999997,19,7.900000095,0.92,0
1102501,34.9194444,-101.8297222,198,483.768769,1106,6.2278869,27,0.119999997,19,7.900000095,1.48,0
1109608,34.793611,-101.893611,243,468.8468758,1117,6.00599114,27,0.119999997,19,7.900000095,2.193333333,1
1111409,34.806112,-101.740278,180,491.656131,1080,6.24825856,27,0.119999997,19,7.900000095,2.71,1
650811,35.135556,-101.832778,397,491.9600329,1103,6.23786054,18,0.07,20,8.399999619,2.69,1
650911,35.1661111,-101.7805556,326,498.5351036,1099,6.32731725,18,0.07,20,8.399999619,3.4458,1
657102,35.087222,-101.9875,256,479.1360657,1128,6.00925591,18,0.07,20,8.399999619,3.029052632,1
657110,35.102501,-101.97,247,479.6609258,1128,5.99851566,18,0.07,20,8.399999619,3.343166667,1
763626,35.042778,-102.1475,256,480.7646842,1155,5.78151922,18,0.07,20,8.399999619,2.476666667,1
763907,35.0375,-102.132222,240,480.9985274,1152,5.81330765,18,0.07,20,8.399999619,3.25,1
764124,35.108334,-102.115001,264,476.2125975,1160,5.69319038,18,0.07,20,8.399999619,2.93405,1
764129,35.101945,-102.115001,293,476.7434789,1159,5.70692994,18,0.07,20,8.399999619,3.1645,1
764307,35.116944,-102.010834,237,477.0299087,1138,5.87766129,18,0.07,20,8.399999619,3.349428571,1
764604,35.0725,-102.020555,276,478.7731919,1130,5.98881897,18,0.07,20,8.399999619,3.259333333,1
1111624,34.805278,-101.661389,190,502.0889368,1056,6.415942,18,0.07,20,8.399999619,2.03,1
649713,35.1325,-101.992222,273,477.3570005,1137,5.87751799,22,0.119999997,19,7.900000095,2.251833333,1
649714,35.132222,-101.986111,268,477.8176666,1136,5.89132911,22,0.119999997,19,7.900000095,2.184388889,1
649715,35.1325,-101.974722,252,478.6814056,1134,5.91611467,22,0.119999997,19,7.900000095,2.3646,1
649719,35.1325,-101.9744444,283,478.7032825,1134,5.91674419,22,0.119999997,19,7.900000095,2.3675,1
650910,35.141389,-101.758612,300,500.096437,1094,6.34297436,22,0.119999997,19,7.900000095,2.73,1
651803,35.1461111,-101.6794444,240,508.5160488,1082,6.43562613,22,0.119999997,19,7.900000095,1.46,0
657101,35.085278,-101.9925,303,479.0123756,1128,6.00554826,22,0.119999997,19,7.900000095,3.020789474,1
657202,35.115556,-101.953612,257,480.5363497,1127,5.99942819,22,0.119999997,19,7.900000095,3.06,1
657207,35.117222,-101.948889,305,480.8545016,1127,6.00608756,22,0.119999997,19,7.900000095,2.7774,1
659201,35.1033333,-101.6858333,260,507.0278565,1077,6.41532522,22,0.119999997,19,7.900000095,2.23,1
756916,35.125278,-102.028889,288,475.6392722,1144,5.82111266,22,0.119999997,19,7.900000095,3.1404,1
763305,35.116667,-102.132778,270,475.8115576,1165,5.64701094,22,0.119999997,19,7.900000095,3.57,1
763328,35.088611,-102.155834,220,478.1665938,1164,5.67652576,22,0.119999997,19,7.900000095,2.9925,1
763601,35.058334,-102.132222,251,479.9258012,1154,5.77658218,22,0.119999997,19,7.900000095,3.67,1
764128,35.095556,-102.115278,265,477.2642562,1158,5.72047155,22,0.119999997,19,7.900000095,2.317,1
764136,35.117222,-102.124444,294,475.6171144,1164,5.65870166,22,0.119999997,19,7.900000095,3.025,1
764306,35.117222,-102.000834,267,477.543895,1136,5.8966282,22,0.119999997,19,7.900000095,3.1689375,1
764321,35.117778,-102.041945,255,475.7070623,1145,5.81492106,22,0.119999997,19,7.900000095,3.0092,1
509807,35.7715028,-100.9423472,547,565.5502996,902,6.94376626,18,0.100000001,14.5,7.900000095,0.75,0
624355,35.733525,-101.0212667,630,554.9432372,919,6.95903889,18,0.100000001,14.5,7.900000095,0.63,0
248704,36.254723,-102.114723,545,436.6013783,1129,5.06863835,27,0.140000001,21,7.400000095,1.6,0
256901,36.150278,-102.04,290,446.8511804,1104,5.33786676,27,0.140000001,21,7.400000095,1.723333333,0
357302,36.108889,-101.908612,440,463.0350303,1082,5.6740499,27,0.140000001,21,7.400000095,1.42,0
349703,36.136667,-101.980278,400,453.8386037,1090,5.48083578,15,0.119999997,7.5,8.199999809,1.96,0
239605,36.444445,-102.149167,450,441.416864,1145,4.93110314,15,0.150000006,15,8,2.07,1
256203,36.238611,-102.044445,390,442.9293736,1108,5.17187521,15,0.150000006,15,8,1.21,0
334802,36.415001,-101.826389,350,455.5502488,1062,5.34619597,15,0.150000006,15,8,2.3,1
342302,36.358334,-101.764167,509,464.4322151,1049,5.42317185,15,0.150000006,15,8,2.033333333,1
350504,36.201112,-101.823333,440,467.2306663,1065,5.61520957,15,0.150000006,15,8,2.12,1
341203,36.3425,-101.935834,429,448.7538465,1083,5.23738811,20,0.119999997,20,8.100000381,2.776666667,1
1125305,34.5916667,-101.9086111,230,494.8895464,1096,6.13717705,18,0.079999998,14.5,8.199999809,2.38,1
1134106,34.470278,-101.858056,248,499.2056387,1082,6.27055365,20,0.090000004,16,8.399999619,1.84,0
1118109,34.748056,-101.846111,217,473.659802,1099,6.0512114,35,0.119999997,18,8,1.65,0
1118704,34.631667,-101.866944,214,493.81755,1089,6.17110652,35,0.119999997,18,8,2.42,1
1119745,34.646389,-101.746111,180,500.8385761,1066,6.3419462,35,0.119999997,18,8,2.606666667,1
1125703,34.530833,-101.974167,215,486.1556064,1107,6.06246397,35,0.119999997,18,8,2.5875,1
1126311,34.604723,-101.758612,208,506.6211687,1064,6.38779737,35,0.119999997,18,8,2.51,1
1126505,34.544445,-101.8225,176,508.4256928,1074,6.3143784,35,0.119999997,18,8,4.375,1
1128509,34.548611,-101.546389,170,521.6033879,1019,6.80003791,35,0.119999997,18,8,4.78,1
1129102,34.615278,-101.487778,163,520.7902159,1020,6.68392354,35,0.119999997,18,8,4.58,1
1134501,34.445556,-101.823611,254,500.6407466,1075,6.34943516,35,0.119999997,18,8,1.65,0
1141405,34.321389,-101.993334,330,464.3015245,1086,6.32672454,35,0.119999997,18,8,1.86,0
1117807,34.631944,-101.955278,211,487.7150962,1112,6.00028455,22,0.100000001,21,8.300000191,2.723333333,1
2446501,33.327222,-102.326389,150,451.0296033,1037,7.7381996,10,0.119999997,10,7.5,4.16,1
2454605,33.1872222,-102.2716667,151,448.0689499,1009,8.02454283,10,0.119999997,10,7.5,3.24,1
2444802,33.260278,-102.576111,168,433.4955852,1076,7.43505415,15,0.119999997,17,8.300000191,5.38,1
2453103,33.227778,-102.464445,154,441.6193346,1048,7.70325405,15,0.119999997,17,8.300000191,4.475,1
2454609,33.1833333,-102.2619444,152,448.177453,1007,8.04244735,5,0.109999999,6,8,3.89,1
2454610,33.168611,-102.276111,141,447.7451541,1007,8.03869574,5,0.109999999,6,8,3.92,1
2454907,33.148611,-102.273889,150,447.5023716,1003,8.05975306,5,0.109999999,6,8,2.966666667,1
2455202,33.2375,-102.168333,50,453.1331299,995,8.16211634,5,0.109999999,6,8,5.275,1
2455302,33.2375,-102.153334,45,454.2026513,993,8.18255281,5,0.109999999,6,8,5.5,1
2461502,33.045834,-102.431944,150,438.3935864,1016,8.00700443,5,0.109999999,6,8,6.653333333,1
2461503,33.044167,-102.433611,150,438.2923769,1016,8.00646709,5,0.109999999,6,8,7.913333333,1
2461703,33.019444,-102.4675,165,436.7038122,1020,7.98526353,5,0.109999999,6,8,4.243333333,1
2461704,33.021944,-102.462223,186,436.9129801,1019,7.98965859,5,0.109999999,6,8,5.29,1
2462202,33.1225,-102.293056,165,446.5453549,1003,8.06669497,5,0.109999999,6,8,3.55,1
528303,35.603889,-100.505278,390,620.3242448,878,6.93790508,25,0.100000001,17.5,8.199999809,1.34,0
538511,35.456112,-100.308612,126,594.5266328,770,7.38068744,30,0.119999997,27,7.900000095,0.5,0
538512,35.4527778,-100.3083333,132,594.2585332,770,7.38432467,30,0.119999997,27,7.900000095,0.190666667,0
539705,35.401945,-100.245,66,592.6152556,766,7.49875421,1,0.02,2,6.5,0.5,0
539706,35.403889,-100.249167,136,592.3187442,767,7.49306685,1,0.02,2,6.5,0.1,0
2608205,32.965278,-103.061945,260,406.5268217,1125,7.64460346,18,0.079999998,9,8.199999809,1.0075,0
2548803,33.261389,-103.057501,60,409.3494168,1157,7.05415254,10,0.100000001,10,8.199999809,4.226666667,1
2707606,32.924722,-102.126389,117,445.8163468,949,8.41058003,8,0.100000001,10,8,4.266666667,1
2707607,32.9322222,-102.1277778,120,446.2072419,949,8.40377262,8,0.100000001,10,8,4.976666667,1
2809601,32.8110361,-101.9148194,154,449.2747592,915,8.57906296,8,0.100000001,10,8,4.67,1
2732601,32.5602778,-102.0197222,127,430.1880168,888,9.388056,8,0.100000001,10,8,5.6,1
2732702,32.5411111,-102.1177778,65,420.3861533,889,9.54539287,8,0.100000001,10,8,3.57,1
2802801,32.886667,-101.831111,101,471.1576858,913,8.72474756,8,0.100000001,10,8,4.27,1
2809804,32.7569444,-101.9580556,190,441.7356618,911,8.57013133,8,0.100000001,10,8,1.76,0
2817115,32.7316667,-101.9766667,150,440.2248047,908,8.59834267,8,0.100000001,10,8,4.05,1
2817509,32.699445,-101.931667,187,441.1674344,900,8.70651345,8,0.100000001,10,8,3.38,1
2818101,32.745,-101.866389,125,448.6700248,900,8.69661249,8,0.100000001,10,8,4.295,1
2825902,32.535278,-101.898334,140,440.0084023,856,9.66812616,8,0.100000001,10,8,5.023333333,1
2827201,32.6141667,-101.7008333,150,471.7189132,855,9.37525357,8,0.100000001,10,8,4.333333333,1
636703,35.3841667,-101.5966667,763,521.8253822,1080,6.34177529,27,0.119999997,21,7.900000095,1.2964,0
636707,35.383055,-101.607501,800,520.4171769,1079,6.36161638,27,0.119999997,21,7.900000095,1.316095238,0
636922,35.4144444,-101.5036111,748,531.2449811,1064,6.31546936,27,0.119999997,21,7.900000095,1.066111111,0
637412,35.430833,-101.4975,790,531.389972,1059,6.3472905,27,0.119999997,21,7.900000095,1.033666667,0
644203,35.371389,-101.5475,761,527.1904806,1076,6.31659692,27,0.119999997,21,7.900000095,1.29555,0
644204,35.359445,-101.556389,732,526.1409208,1078,6.32767787,27,0.119999997,21,7.900000095,1.340055556,0
644205,35.365278,-101.556112,791,526.2529342,1078,6.32232952,27,0.119999997,21,7.900000095,1.382157895,0
644958,35.278611,-101.539445,366,526.8850346,1067,6.42166909,27,0.119999997,21,7.900000095,1.426666667,0
631505,35.566389,-101.17,440,542.0510784,978,6.8729518,20,0.119999997,21,8.199999809,0.526666667,0
638512,35.450278,-101.300834,660,537.6301993,1028,6.45545735,12,0.100000001,13,8.100000381,0.46,0
636810,35.385,-101.566389,770,525.3632041,1079,6.31365982,22,0.100000001,21,8.300000191,1.310833333,0
636811,35.3925,-101.5675,820,525.2482871,1078,6.3137208,22,0.100000001,21,8.300000191,1.006666667,0
636812,35.384445,-101.559723,760,526.0620501,1078,6.31188968,22,0.100000001,21,8.300000191,1.291055556,0
636813,35.3925,-101.560001,762,526.0488865,1077,6.31131564,22,0.100000001,21,8.300000191,1.063736842,0
636820,35.405,-101.5513889,708,526.8851148,1074,6.31573783,22,0.100000001,21,8.300000191,1.15255,0
636905,35.402778,-101.525,862,529.4680766,1070,6.31047092,22,0.100000001,21,8.300000191,1.0278,0
636907,35.404445,-101.508889,758,530.8975819,1067,6.30756388,22,0.100000001,21,8.300000191,1.21505,0
636909,35.3969444,-101.52,765,529.9402315,1069,6.30729837,22,0.100000001,21,8.300000191,0.9133125,0
636910,35.3972222,-101.5113889,801,530.7069305,1068,6.30545533,22,0.100000001,21,8.300000191,1.15155,0
636912,35.385556,-101.541111,747,527.9273679,1074,6.30976017,22,0.100000001,21,8.300000191,22.98885,1
636913,35.391389,-101.541389,766,527.9208196,1074,6.30917347,22,0.100000001,21,8.300000191,23.01980952,1
636914,35.395556,-101.524444,811,529.5341875,1070,6.30781749,22,0.100000001,21,8.300000191,0.8696875,0
636920,35.402778,-101.52,814,529.9255807,1069,6.30942883,22,0.100000001,21,8.300000191,1.198055556,0
636921,35.408334,-101.519444,812,529.9412883,1068,6.31326509,22,0.100000001,21,8.300000191,1.079272727,0
637413,35.4372222,-101.4975,710,531.1974587,1057,6.36609891,22,0.100000001,21,8.300000191,0.90525,0
637414,35.419444,-101.488889,828,532.3146759,1061,6.32024249,22,0.100000001,21,8.300000191,1.06,0
639604,35.450834,-101.135834,496,549.5522282,1011,6.53168867,22,0.100000001,21,8.300000191,0.89,0
644206,35.365556,-101.544722,825,527.3993694,1075,6.32047832,22,0.100000001,21,8.300000191,1.312444444,0
644304,35.36,-101.5211111,731,529.6255476,1070,6.32111341,22,0.100000001,21,8.300000191,1.309681818,0
644310,35.350278,-101.514445,721,530.1707287,1069,6.32597305,22,0.100000001,21,8.300000191,1.51,0
644701,35.266389,-101.596111,325,518.9103555,1073,6.47821231,22,0.100000001,21,8.300000191,2.083333333,1
644763,35.266112,-101.603612,296,517.9039557,1074,6.48132156,22,0.100000001,21,8.300000191,2.195,1
645517,35.328055,-101.445,760,536.1601164,1060,6.29390589,22,0.100000001,21,8.300000191,1.14,0
652201,35.230278,-101.560834,300,524.0205746,1067,6.46593479,22,0.100000001,21,8.300000191,2.2,1
655204,35.209167,-101.205001,630,557.4188772,1009,6.58522573,22,0.100000001,21,8.300000191,1.19,0
636807,35.3983333,-101.5561111,749,526.4400127,1076,6.3121394,27,0.119999997,21,7.900000095,1.0396875,0
636808,35.3827778,-101.5502778,759,527.0112969,1076,6.31106456,27,0.119999997,21,7.900000095,25.94283333,1
636809,35.391111,-101.551112,760,526.9594841,1076,6.30983539,27,0.119999997,21,7.900000095,1.06525,0
636816,35.3788889,-101.5566667,856,526.3414795,1077,6.31337818,27,0.119999997,21,7.900000095,1.35535,0
636817,35.3777778,-101.5433333,789,527.659659,1075,6.31267543,27,0.119999997,21,7.900000095,1.181888889,0
636819,35.407223,-101.545278,845,527.4855743,1073,6.3170906,27,0.119999997,21,7.900000095,1.077125,0
636915,35.386111,-101.532778,735,528.7302799,1072,6.30912961,27,0.119999997,21,7.900000095,1.056055556,0
636916,35.392778,-101.532778,758,528.7514755,1072,6.30856246,27,0.119999997,21,7.900000095,0.965210526,0
644207,35.359445,-101.544445,812,527.3491912,1075,6.32548831,27,0.119999997,21,7.900000095,1.274222222,0
645315,35.349167,-101.394445,692,538.4224475,1054,6.26559414,22,0.100000001,23,8.199999809,1.08,0
646306,35.369722,-101.261112,645,541.4890328,1033,6.3724582,22,0.100000001,23,8.199999809,0.91,0
647512,35.300556,-101.1775,447,551.2129505,1013,6.53887735,22,0.100000001,23,8.199999809,0.685,0
639511,35.420833,-101.186111,778,545.2344253,1021,6.4853482,55,0.109999999,44,7.800000191,0.61,0
644305,35.360001,-101.515278,671,530.172476,1069,6.31962405,55,0.109999999,44,7.800000191,1.342857143,0
644306,35.360278,-101.508612,643,530.7877049,1068,6.31727583,55,0.109999999,44,7.800000191,1.29375,0
656409,35.202501,-101.113889,572,563.2538069,995,6.65630023,55,0.109999999,44,7.800000191,0.89,0
757601,35.062501,-102.901667,284,454.8545335,1311,5.46027139,22,0.100000001,21,8.5,1.09,0
762823,35.006389,-102.313889,320,480.5703437,1182,5.60506919,22,0.100000001,21,8.5,1.996666667,0
1007806,34.896389,-102.185,225,482.7098325,1146,5.84598749,10,0.100000001,14,7.199999809,3.9,1
1009701,34.776944,-102.963056,180,457.7929871,1309,5.6458646,10,0.100000001,14,7.199999809,1.52,0
763203,35.099722,-102.168611,289,477.5347943,1168,5.64128012,28,0.119999997,22,8.199999809,2.412,1
763204,35.102223,-102.176667,253,477.4333866,1170,5.63041718,28,0.119999997,22,8.199999809,3.155866667,1
1001401,34.9302778,-102.9752778,172,454.8790908,1324,5.57469572,28,0.119999997,22,8.199999809,1.04,0
1004603,34.925278,-102.523611,318,482.2005641,1220,5.46951868,28,0.119999997,22,8.199999809,1.7,0
1013536,34.805001,-102.420555,368,486.0156801,1174,5.66732793,28,0.119999997,22,8.199999809,3.463333333,1
750401,35.177222,-102.854445,185,452.1599953,1296,5.43276469,22,0.100000001,21,8.300000191,2.7,1
751401,35.1669444,-102.7455556,270,460.0234854,1282,5.3594408,22,0.100000001,21,8.300000191,1.105,0
758402,35.061389,-102.853612,280,459.1531244,1299,5.43908327,22,0.100000001,21,8.300000191,0.566666667,0
758601,35.0475,-102.7638889,368,465.7987919,1284,5.42830556,22,0.100000001,21,8.300000191,0.766666667,0
760101,35.1019444,-102.6055556,420,468.8738364,1260,5.33914888,22,0.100000001,21,8.300000191,1.4,0
760102,35.102501,-102.600278,420,468.9793811,1259,5.33550039,22,0.100000001,21,8.300000191,1.36,0
760901,35.031389,-102.5175,302,475.5405618,1234,5.39955822,22,0.100000001,21,8.300000191,2.2,1
761115,35.086667,-102.490278,415,472.6477688,1232,5.37217283,22,0.100000001,21,8.300000191,1.89,0
761224,35.103889,-102.436389,314,473.3225335,1222,5.38254033,22,0.100000001,21,8.300000191,1.66,0
761601,35.071667,-102.393056,285,476.2203086,1209,5.44824803,22,0.100000001,21,8.300000191,1.94,0
761902,35.011945,-102.398056,417,479.2734318,1200,5.51590831,22,0.100000001,21,8.300000191,1.96,0
762201,35.085,-102.311112,263,477.3482342,1191,5.52351825,22,0.100000001,21,8.300000191,2.1,1
1002502,34.9286111,-102.8166667,328,467.3238816,1292,5.4509285,22,0.100000001,21,8.300000191,1.19,0
1003201,34.975,-102.671111,396,473.4701373,1263,5.41189269,22,0.100000001,21,8.300000191,1.28,0
1004202,34.999167,-102.556112,373,476.8138734,1243,5.3826804,22,0.100000001,21,8.300000191,1.62,0
1005225,34.969722,-102.438056,375,481.2943439,1206,5.50644328,22,0.100000001,21,8.300000191,2.36,1
1005905,34.902501,-102.407223,427,484.4336526,1180,5.65052076,22,0.100000001,21,8.300000191,1.4525,0
1006302,34.986111,-102.255278,282,481.8026129,1170,5.69968146,22,0.100000001,21,8.300000191,2.3,1
1006403,34.935278,-102.359445,385,483.0380319,1177,5.6687383,22,0.100000001,21,8.300000191,1.87,0
1011403,34.795,-102.7091667,280,479.4059211,1233,5.48895898,22,0.100000001,21,8.300000191,3.746666667,1
1012302,34.852223,-102.506112,328,484.3352893,1193,5.58422457,22,0.100000001,21,8.300000191,0.03,0
1013233,34.835,-102.420278,412,485.7737348,1175,5.67069879,22,0.100000001,21,8.300000191,1.53,0
1013509,34.829722,-102.439445,453,485.7643854,1179,5.6521673,22,0.100000001,21,8.300000191,2.78,1
1013601,34.827778,-102.400556,320,485.7809243,1171,5.69198125,22,0.100000001,21,8.300000191,2.75,1
1013607,34.820278,-102.401389,204,485.8589689,1171,5.68893462,22,0.100000001,21,8.300000191,3.03,1
1013618,34.801945,-102.399445,370,486.0335664,1171,5.68207235,22,0.100000001,21,8.300000191,1.8,0
1013806,34.779167,-102.445834,400,486.0287355,1179,5.63788029,22,0.100000001,21,8.300000191,2.15,1
1014101,34.844445,-102.335278,120,484.7835527,1158,5.76992717,22,0.100000001,21,8.300000191,2.44,1
1021201,34.749722,-102.424167,355,486.633158,1178,5.62730623,22,0.100000001,21,8.300000191,2.53,1
763205,35.109445,-102.176667,304,476.9874328,1171,5.6157287,27,0.119999997,21,7.900000095,3.477789474,1
1003601,34.919167,-102.650556,385,477.0331598,1252,5.41688342,27,0.119999997,21,7.900000095,1.02,0
755703,35.16,-102.2255556,380,474.5575764,1185,5.50668628,27,0.159999996,23,7.300000191,2.3,1
763202,35.094722,-102.202778,290,477.9029869,1172,5.6305448,27,0.159999996,23,7.300000191,2.61,1
763206,35.116667,-102.176667,319,476.5338047,1173,5.60092287,27,0.159999996,23,7.300000191,153.9357,1
763207,35.116667,-102.168611,320,476.4294539,1172,5.60632883,27,0.159999996,23,7.300000191,215.6446667,1
763209,35.109445,-102.185556,298,477.0571415,1172,5.61081591,27,0.159999996,23,7.300000191,3.486789474,1
763210,35.115834,-102.185556,295,476.6776886,1174,5.59795232,27,0.159999996,23,7.300000191,3.640666667,1
753629,35.168333,-102.399445,375,471.4562979,1218,5.34563213,20,0.119999997,23,8.5,2.256666667,1
2344926,33.269722,-101.500001,109,524.9667329,896,9.04278748,22,0.100000001,17,8.5,6.7,1
2421702,33.6544444,-102.4880556,255,456.265331,1097,6.97669853,12,0.119999997,13,7.5,4.83,1
2428901,33.511112,-102.514723,232,452.7553871,1092,7.15149396,12,0.119999997,13,7.5,3.37,1
2430202,33.590556,-102.300278,165,461.062685,1060,7.41707423,12,0.119999997,13,7.5,5.96,1
2414703,33.754723,-102.334722,140,459.2022167,1060,7.2314347,6,0.090000004,11,6.900000095,4.076666667,1
2414802,33.755556,-102.327222,127,459.3486039,1059,7.2405105,6,0.090000004,11,6.900000095,3.77,1
2420201,33.741111,-102.556112,230,450.4139161,1111,6.74218042,6,0.090000004,11,6.900000095,5.36,1
2420202,33.725,-102.541945,207,451.4734751,1108,6.79298162,6,0.090000004,11,6.900000095,3.83,1
2421905,33.6405556,-102.3752778,218,460.9408347,1078,7.21706717,6,0.090000004,11,6.900000095,4.94,1
2428103,33.604723,-102.601112,212,448.6799622,1117,6.81519931,6,0.090000004,11,6.900000095,2.82,1
2429604,33.549722,-102.392778,236,460.5475283,1073,7.29432948,6,0.090000004,11,6.900000095,4,1
2430104,33.584167,-102.366389,242,461.4124676,1072,7.29366512,6,0.090000004,11,6.900000095,3.92,1
2430409,33.573055,-102.358056,230,461.3224842,1069,7.31837424,6,0.090000004,11,6.900000095,4.31,1
2430414,33.561667,-102.374444,247,461.0654664,1071,7.30709783,6,0.090000004,11,6.900000095,4.22,1
2430901,33.523333,-102.267778,210,459.8284639,1051,7.54099376,6,0.090000004,11,6.900000095,4.86,1
2431502,33.571111,-102.172222,133,459.0833702,1034,7.71121937,6,0.090000004,11,6.900000095,5.276,1
2432702,33.506945,-102.115834,176,460.3379021,1020,7.8955959,6,0.090000004,11,6.900000095,4.9,1
2437403,33.451667,-102.486667,216,451.068024,1080,7.27049298,6,0.090000004,11,6.900000095,4.286,1
2440405,33.44,-102.125278,211,461.9730734,1019,7.91055458,6,0.090000004,11,6.900000095,4.35,1
2428501,33.560278,-102.565834,244,450.6360087,1106,6.95149735,8,0.100000001,10,8,3.45,1
2429401,33.544167,-102.470278,212,457.2557408,1087,7.17362306,8,0.100000001,10,8,4.43,1
2430405,33.5830556,-102.3636111,242,461.4133536,1071,7.29912629,8,0.100000001,10,8,4.25,1
2439304,33.488889,-102.146111,203,460.5560311,1026,7.84325025,8,0.100000001,10,8,4.87,1
2439702,33.4074056,-102.2331917,176,457.9179215,1032,7.76504072,8,0.100000001,10,8,4.85,1
2440406,33.450278,-102.117778,207,462.0617689,1019,7.91820056,8,0.100000001,10,8,5.41,1
2428106,33.604167,-102.588056,214,449.5302147,1114,6.8352438,10,0.100000001,11,8.100000381,3.61,1
2420302,33.721944,-102.533055,185,452.0645595,1106,6.81512872,13,0.140000001,13,7.199999809,4.42,1
2429304,33.588334,-102.396389,220,461.1520918,1077,7.24417646,4,0.050000001,6,7.599999905,3.165,1
2429322,33.588056,-102.394167,212,461.1855843,1077,7.24782442,4,0.050000001,6,7.599999905,3.97,1
2429321,33.593056,-102.394445,230,461.1981995,1077,7.24111499,10,0.059999999,3,7.900000095,2.9,1
2415617,33.816112,-102.161389,147,464.950497,1040,7.40213298,22,0.100000001,21,8.300000191,1.522857143,0
2420603,33.671389,-102.534167,280,452.7919537,1105,6.85421262,20,0.100000001,13,8.300000191,5.47,1
2430410,33.5794444,-102.3638889,234,461.3821426,1071,7.30268092,8,0.100000001,10,8,4.315,1
2431903,33.506667,-102.162778,150,459.9841517,1030,7.79592424,5,0.109999999,6,8,4.56,1
2437101,33.461945,-102.475555,207,452.3867243,1079,7.27632838,5,0.109999999,6,8,3.69,1
2336806,33.376667,-101.566944,218,500.5071128,918,8.83563329,12,0.119999997,13,7.5,4.25,1
2341205,33.349167,-101.947778,171,474.5211555,987,8.28138523,12,0.119999997,13,7.5,3.69,1
2343407,33.3158333,-101.7288889,124,493.4630277,946,8.65723796,12,0.119999997,13,7.5,4.045,1
2351301,33.211112,-101.638334,80,506.1702253,917,8.90372526,12,0.119999997,13,7.5,3.326666667,1
2803303,32.989167,-101.666944,60,502.0493181,903,8.88197749,12,0.119999997,13,7.5,5.09,1
2341401,33.293611,-101.983055,132,473.9281034,986,8.27174427,12,0.119999997,13,7.5,5.18,1
2341301,33.371944,-101.887222,194,477.9655871,981,8.37259306,6,0.090000004,11,6.900000095,4.97,1
2341603,33.325,-101.9108333,145,480.125071,981,8.34531982,6,0.090000004,11,6.900000095,4.234,1
2342404,33.328333,-101.854445,115,484.9276127,973,8.43844293,6,0.090000004,11,6.900000095,4.07,1
2349101,33.2466667,-101.9802778,140,476.3857812,980,8.31741314,6,0.090000004,11,6.900000095,5.04,1
2357803,33.022222,-101.928889,80,475.787467,944,8.53720598,6,0.090000004,11,6.900000095,2.895,1
2801305,32.989722,-101.912501,75,473.7219739,939,8.55524748,6,0.090000004,11,6.900000095,3.05,1
2802207,32.968889,-101.830278,80,481.0335035,927,8.6429612,6,0.090000004,11,6.900000095,3.924,1
2358504,33.048056,-101.816389,75,492.7458576,929,8.66946064,8,0.100000001,10,8,2.823333333,1
2349103,33.2163889,-101.9805556,100,477.3087968,976,8.3480004,0.100000001,0.039999999,0,6.800000191,2.6575,1
2803201,32.9747222,-101.6869444,50,498.8014069,907,8.83924118,13,0.140000001,13,7.199999809,8.01,1
2344104,33.370555,-101.601667,90,498.374307,926,8.78904913,13,0.140000001,13,7.199999809,4.835,1
2352502,33.181389,-101.575555,80,519.6333221,897,9.09069978,55,0.109999999,43,8.100000381,5.623333333,1
2464904,33.021389,-102.032778,70,459.7486816,947,8.47916269,4,0.050000001,6,7.599999905,3.51,1
2351901,33.13,-101.631944,75,509.9033409,904,8.99095076,3,0.050000001,4,7.599999905,7.6,1
2359102,33.109167,-101.736111,82,502.690242,922,8.77323914,10,0.109999999,9,8,7.09,1
2350602,33.2055889,-101.7857389,90,503.4259157,944,8.64915831,5,0.109999999,6,8,4.68,1
2456601,33.167778,-102.038889,82,466.0778671,977,8.29321628,5,0.109999999,6,8,4.5,1
2456603,33.1675,-102.0375,87,466.3122839,977,8.29471325,5,0.109999999,6,8,4.62,1
2448203,33.340834,-102.072222,155,464.6280906,1000,8.11921958,10,0.109999999,9,8,5.64,1
2448204,33.341389,-102.074167,152,464.4888805,1000,8.11580722,10,0.109999999,9,8,5.42,1
2835511,32.4325,-101.678889,35,460.9441593,808,10.21459297,20,0.07,18,8.199999809,1.08,0
2835603,32.439445,-101.661112,40,463.686245,813,10.14716316,20,0.07,18,8.199999809,7.073333333,1
2844205,32.349445,-101.545,93,460.311467,796,10.34322894,20,0.07,18,8.199999809,2.76,1
2846401,32.3322222,-101.3530556,75,471.5879701,760,10.42042807,6,0.090000004,11,6.900000095,1.8,0
2845701,32.29,-101.496667,84,460.1737856,778,10.5190806,5,0.109999999,6,8,2.7575,1
2846712,32.278889,-101.372222,67,470.1493792,749,10.4940071,5,0.109999999,6,8,1.995,0
2853206,32.238334,-101.434167,150,463.5322073,751,10.59202814,12,0.100000001,9,8.100000381,0.5,0
2838401,32.4219444,-101.3705556,100,474.6498935,781,10.24762459,27,0.119999997,19,7.900000095,0.94,0
2836601,32.421944,-101.541945,136,467.38875,818,9.9837915,20,0.090000004,16,8.399999619,2.653333333,1
2836702,32.384722,-101.618055,30,457.7941502,792,10.37607168,20,0.090000004,16,8.399999619,14.06666667,1
2837411,32.439167,-101.480555,175,471.1273755,817,9.9003876,20,0.090000004,16,8.399999619,1.37,0
2838701,32.410834,-101.345834,120,475.6384615,773,10.30119853,20,0.090000004,16,8.399999619,2.52,1
534205,35.469167,-100.796945,250,586.5953901,900,6.95902327,22,0.100000001,21,8.399999619,0.53,0
534206,35.4725,-100.798334,251,586.200071,903,6.95132096,22,0.100000001,21,8.399999619,0.685,0
551101,35.2130556,-100.7294444,310,636.9189461,889,7.15682749,22,0.100000001,21,8.399999619,0.5,0
526102,35.595,-100.8458333,360,576.0838155,952,6.78072549,15,0.01,12.5,8.199999809,0.55,0
535706,35.380278,-100.715001,150,607.6179845,859,7.09931586,20,0.079999998,15,7.900000095,0.3,0
552106,35.235278,-100.598611,165,654.693112,860,7.35823869,20,0.079999998,15,7.900000095,0.41,0
525401,35.5605556,-100.9933333,502,557.835418,985,6.72224303,25,0.100000001,17,8.199999809,1.12,0
525503,35.5541667,-100.9405556,525,559.6827764,976,6.75681704,27,0.119999997,22,7.099999905,0.91,0
525706,35.515278,-100.963612,460,558.7508929,983,6.71594023,27,0.109999999,22,7.099999905,0.7,0
525813,35.519444,-100.917778,520,561.6128681,970,6.77334495,27,0.109999999,22,7.099999905,0.91,0
526615,35.581944,-100.756945,490,596.6481855,941,6.79090449,27,0.109999999,22,7.099999905,0.845,0
527105,35.591945,-100.717222,483,605.0414073,932,6.79646271,27,0.109999999,22,7.099999905,0.67,0
527702,35.5375,-100.750278,561,597.5989409,938,6.80777069,27,0.109999999,22,7.099999905,0.83,0
541501,35.300001,-100.953889,310,580.6980578,977,6.68103601,27,0.109999999,22,7.099999905,0.83,0
640507,35.452223,-101.042778,452,557.5425465,997,6.60372191,27,0.109999999,22,7.099999905,0.79,0
648501,35.331667,-101.051389,480,561.9740963,1000,6.58269885,27,0.109999999,22,7.099999905,1.24,0
534509,35.435556,-100.799445,140,588.1970306,886,7.02010576,5,0.02,3,8.199999809,0.3,0
2708503,32.9419444,-102.06,100,451.2394455,942,8.47665668,4,0.109999999,5,7.400000095,5.1775,1
2715302,32.833611,-102.133889,175,439.4721242,942,8.51540958,4,0.109999999,5,7.400000095,3.505,1
2731301,32.601945,-102.135834,180,424.1948403,904,9.142019,4,0.109999999,5,7.400000095,2.2,1
2731803,32.524444,-102.195278,155,411.7737874,897,9.67314534,4,0.109999999,5,7.400000095,2.975,1
2826902,32.5408333,-101.7638889,160,463.7035448,853,9.59398798,8,0.100000001,10,8,0.7876,0
2724101,32.7097222,-102.1022222,100,434.7838484,916,8.65986966,20,0.050000001,16,8.399999619,5.49,1
2801801,32.9005556,-101.9294444,80,459.6590348,926,8.58052833,20,0.050000001,16,8.399999619,5.5875,1
636818,35.398889,-101.545278,732,527.5358732,1074,6.31116027,22,0.100000001,17,8.5,1.0612,0
763211,35.1027778,-102.1852778,296,477.4458534,1171,5.62425094,15,0.079999998,7,8.300000191,3.352857143,1
1044503,34.298334,-102.543611,376,463.5539981,1157,5.54696278,6,0.090000004,11,6.900000095,1.71,0
1044602,34.298334,-102.538056,367,463.6516476,1156,5.55121929,6,0.090000004,11,6.900000095,1.87,0
1044907,34.263889,-102.512223,308,462.5089048,1144,5.66011712,6,0.090000004,11,6.900000095,1.54,0
1045802,34.290834,-102.436389,200,465.0809532,1146,5.65685493,6,0.090000004,11,6.900000095,1.54,0
1060307,34.0938889,-102.5208333,215,455.857239,1137,5.9462746,6,0.090000004,11,6.900000095,1.03,0
1061701,34.0175,-102.476667,223,456.0249627,1121,6.24313062,6,0.090000004,11,6.900000095,1.21,0
1063503,34.050556,-102.171111,240,464.1523432,1083,6.61305187,6,0.090000004,11,6.900000095,0.65,0
2404601,33.918333,-102.539722,95,450.8921656,1116,6.38607742,6,0.090000004,11,6.900000095,1.8,0
2407104,33.996111,-102.224444,220,462.1024334,1085,6.64147998,6,0.090000004,11,6.900000095,1.48,0
2407603,33.925833,-102.158056,233,464.464846,1069,6.99869867,6,0.090000004,11,6.900000095,1.33,0
2407604,33.926111,-102.154167,198,464.689012,1068,7.0054856,6,0.090000004,11,6.900000095,1.3,0
2414102,33.847778,-102.345278,130,458.4738056,1070,6.99064288,6,0.090000004,11,6.900000095,3.3,1
2414604,33.830278,-102.262501,128,460.0950957,1055,7.20001982,6,0.090000004,11,6.900000095,4.045,1
1045804,34.291389,-102.445,287,464.9732367,1147,5.64574262,8,0.100000001,10,8,1.33,0
1062603,34.049167,-102.280555,203,461.8337379,1098,6.38075456,8,0.100000001,10,8,3.146666667,1
1062704,34.031111,-102.348056,235,460.3233258,1103,6.36632774,8,0.100000001,10,8,1.35,0
2405102,33.965834,-102.481667,110,455.3176194,1109,6.41915799,8,0.100000001,10,8,1.8,0
2415301,33.836389,-102.146667,199,465.6683554,1044,7.34178217,8,0.100000001,10,8,1.4,0
1046704,34.259167,-102.360001,298,464.6338811,1132,5.81680964,12,0.119999997,13,7.5,1.255,0
1047702,34.270555,-102.221389,249,463.4365508,1118,6.04632501,12,0.119999997,13,7.5,1.95,0
1056101,34.246111,-102.093056,240,462.4134018,1097,6.31568876,12,0.119999997,13,7.5,1.89,0
2415108,33.874444,-102.208612,200,461.8235704,1057,7.14625444,12,0.119999997,13,7.5,1.3,0
1053608,34.191111,-102.410834,208,461.8046367,1122,5.97106414,5,0.109999999,6,8,2.51,1
1061201,34.1144444,-102.4186111,210,459.6564364,1115,6.17057483,5,0.109999999,6,8,4.28,1
1061604,34.055278,-102.407501,225,459.0582311,1112,6.27889617,5,0.109999999,6,8,1.33,0
1053903,34.140834,-102.379167,216,461.3166665,1115,6.11213101,2,0.039999999,1,7.400000095,3.61,1
1044906,34.255001,-102.524444,254,461.9282899,1142,5.66927177,6,0.090000004,11,6.900000095,1.34,0
2412301,33.8497222,-102.5336111,100,451.2130793,1105,6.58831441,10,0.109999999,9,8,1,0
1053501,34.177222,-102.431111,193,460.9184885,1121,5.99389889,3,0.059999999,4,8.100000381,3.33,1
1060606,34.074167,-102.508612,220,455.6711531,1133,6.02353036,3,0.059999999,4,8.100000381,0.6595,0
1062307,34.091945,-102.274167,298,462.5554843,1103,6.28484313,3,0.059999999,4,8.100000381,1.82,0
1063203,34.085834,-102.1725,310,463.9576833,1088,6.53528652,3,0.059999999,4,8.100000381,1.825,0
2412302,33.8475,-102.5325,89,451.2852809,1104,6.59812417,8,0.090000004,8,8.100000381,1.58,0
2405201,33.996945,-102.425278,180,458.1724553,1110,6.37169734,8,0.109999999,8,8.199999809,1.04,0
2416103,33.851112,-102.110556,200,467.8228179,1048,7.31084964,10,0.119999997,10,7.5,1.5,0
2408701,33.898056,-102.099445,220,468.2245352,1056,7.18373697,28,0.100000001,32,8.199999809,1.83,0
1046502,34.310278,-102.305556,300,466.2450899,1132,5.81943174,22,0.100000001,21,8.399999619,1.68,0
1046604,34.303889,-102.290834,315,465.7178587,1130,5.85170822,22,0.100000001,21,8.399999619,1.86,0
1046605,34.299722,-102.291667,308,465.601634,1130,5.85593042,22,0.100000001,21,8.399999619,1.88,0
1053312,34.239722,-102.410001,232,463.3503496,1131,5.83360211,22,0.100000001,21,8.399999619,1.25,0
1055605,34.175555,-102.133889,340,463.5137151,1096,6.41021319,22,0.100000001,21,8.399999619,1.485,0
1056403,34.168889,-102.101389,340,463.9734857,1089,6.4890448,22,0.100000001,21,8.399999619,2.28,1
1063702,34.013612,-102.223333,235,462.4343895,1087,6.59104453,22,0.100000001,21,8.399999619,1.2,0
2408101,33.963889,-102.101667,280,467.5289708,1064,6.98767816,22,0.100000001,21,8.399999619,1.5,0
2405701,33.904167,-102.460278,54,456.0373604,1082,6.74489516,3,0.050000001,4,7.599999905,6.255,1
2413301,33.840834,-102.392222,118,457.6735309,1070,6.98743831,3,0.050000001,4,7.599999905,2.38,1
1054207,34.233334,-102.308056,220,464.1258553,1124,5.95005174,8,0.100000001,10,8,1.57,0
1054208,34.2325,-102.310278,319,464.1086052,1124,5.94795989,8,0.100000001,10,8,0.86,0
1062503,34.053612,-102.322222,160,461.1276555,1103,6.33775876,10,0.100000001,4.5,7.5,2.98,1
1052804,34.1555556,-102.5791667,205,457.329478,1150,5.67711413,4,0.109999999,5,7.400000095,0.65,0
1052820,34.150556,-102.563056,171,457.2680863,1147,5.72691254,4,0.109999999,5,7.400000095,0.95,0
1054803,34.141667,-102.307778,315,462.6866022,1111,6.14234062,4,0.109999999,5,7.400000095,1.67,0
1062203,34.117778,-102.296667,298,462.5326231,1108,6.20499363,4,0.109999999,5,7.400000095,2.076666667,1
1062209,34.107778,-102.296667,297,462.4045409,1107,6.22601198,4,0.109999999,5,7.400000095,1.923333333,0
1063102,34.090556,-102.222778,326,463.2459888,1096,6.40393485,4,0.109999999,5,7.400000095,1.93,0
2404301,33.966667,-102.536667,150,451.5294396,1127,6.2302224,10,0.109999999,9,8,2.23,1
2407606,33.928055,-102.158056,240,464.4614529,1069,6.9908994,10,0.109999999,9,8,1.49,0
657906,35.0241667,-101.895,160,480.6954928,1097,6.33990997,18,0.07,20,8.399999619,3.57,1
764301,35.117222,-102.028333,253,476.2219717,1142,5.84293216,18,0.07,20,8.399999619,3.080647059,1
764303,35.083611,-102.010278,280,478.5739832,1131,5.97594463,18,0.07,20,8.399999619,3.63975,1
649712,35.139167,-101.986389,245,477.4893524,1137,5.87684324,18,0.07,20,8.399999619,2.05975,1
649802,35.155001,-101.919722,267,483.5297499,1124,6.02956729,18,0.07,20,8.399999619,2.2001875,1
764122,35.104167,-102.100278,256,476.3947112,1156,5.72985683,18,0.07,20,8.399999619,2.7241,1
764305,35.101389,-102.009445,279,477.8835781,1135,5.92411028,18,0.07,20,8.399999619,3.361625,1
764310,35.110556,-102.028055,242,476.6748303,1141,5.86156553,18,0.07,20,8.399999619,3.17645,1
764605,35.072778,-102.013056,264,478.8623007,1129,6.00332166,18,0.07,20,8.399999619,3.6725,1
764623,35.076667,-102.010001,278,478.7995895,1129,5.99768548,18,0.07,20,8.399999619,3.886315789,1
1016502,34.811945,-102.052778,168,480.5476487,1156,5.71320949,18,0.07,20,8.399999619,2.25,1
1109719,34.778055,-101.977222,225,473.4535837,1134,5.86061315,18,0.07,20,8.399999619,1.35,0
2762509,32.046667,-102.311389,180,360.1687246,893,10.69373549,20,0.100000001,12,8.199999809,2.946666667,1
756703,35.130833,-102.115001,292,474.3086728,1164,5.64627119,22,0.109999999,19,8.300000191,3.446210526,1
764121,35.112223,-102.100278,269,475.7041665,1158,5.71193866,22,0.109999999,19,8.300000191,2.486722222,1
649806,35.161389,-101.920555,265,483.4788491,1124,6.02640439,22,0.100000001,17,8.5,2.331210526,1
2306109,33.963056,-101.363334,306,507.2449027,969,7.73635827,18,0.07,20,8.399999619,2.23,1
1152912,34.1425,-101.536667,383,500.947965,1004,7.36245816,18,0.07,20,8.399999619,3.18,1
2304901,33.881111,-101.514167,430,499.3539636,979,7.87435097,18,0.07,20,8.399999619,3.675,1
1161111,34.117222,-101.459167,374,510.8024039,997,7.42036511,55,0.109999999,44,8,2.86,1
2306705,33.916389,-101.356945,380,511.4061789,961,7.84815011,55,0.109999999,44,8,2.78,1
2305205,33.958889,-101.448056,416,505.4809537,977,7.75897154,22,0.100000001,21,8.399999619,2.9,1
2305206,33.958889,-101.451112,415,505.3608767,977,7.75963442,22,0.100000001,21,8.399999619,2.98,1
1152907,34.143889,-101.526389,390,502.5416017,1004,7.36075463,27,0.119999997,19,7.900000095,3.15,1
1160208,34.113889,-101.543889,364,499.5665554,1002,7.41762716,27,0.119999997,19,7.900000095,2.64,1
1144905,34.25625,-101.5208333,215,508.8160333,1010,7.23661273,27,0.119999997,19,7.900000095,2.5775,1
1145802,34.2844444,-101.4322222,219,528.9668942,999,7.25297672,27,0.119999997,19,7.900000095,2.86,1
1146701,34.285834,-101.364723,270,546.2632668,992,7.28687267,27,0.119999997,19,7.900000095,3.63,1
1146802,34.290278,-101.293889,302,559.6756075,982,7.33684587,27,0.119999997,19,7.900000095,3.22,1
1146803,34.287778,-101.306945,300,558.2102921,984,7.33432711,27,0.119999997,19,7.900000095,3.51,1
1152305,34.228889,-101.525833,252,506.1026401,1009,7.26389203,27,0.119999997,19,7.900000095,2.51,1
1152908,34.1388889,-101.5186111,401,503.5963287,1003,7.3693109,27,0.119999997,19,7.900000095,3.55,1
1153503,34.197222,-101.441667,301,519.4035495,999,7.32047573,27,0.119999997,19,7.900000095,2.956666667,1
1153705,34.126111,-101.486111,403,507.8317824,1000,7.39633598,27,0.119999997,19,7.900000095,3.28,1
1153802,34.149445,-101.421389,277,518.4502107,996,7.38391691,27,0.119999997,19,7.900000095,3.1,1
1154302,34.215278,-101.251945,332,560.6095193,971,7.48950707,27,0.119999997,19,7.900000095,3.45,1
1154502,34.171667,-101.312778,300,543.2638439,980,7.49532691,27,0.119999997,19,7.900000095,3.43,1
1154802,34.142222,-101.332778,200,532.3219208,982,7.50320946,27,0.119999997,19,7.900000095,2.13,1
1155901,34.158334,-101.159445,341,567.3789848,951,7.63435887,27,0.119999997,19,7.900000095,3.48,1
1160605,34.048611,-101.525833,414,501.1272127,993,7.57398677,27,0.119999997,19,7.900000095,3.31,1
1160902,34.026111,-101.508056,417,502.4933271,989,7.62487776,27,0.119999997,19,7.900000095,2.65,1
1160903,34.020833,-101.501667,408,502.9466204,988,7.63627664,27,0.119999997,19,7.900000095,2.87,1
1161204,34.108334,-101.445556,289,511.7000562,995,7.44259851,27,0.119999997,19,7.900000095,3.63,1
1161214,34.115001,-101.445278,328,512.2538188,996,7.42894917,27,0.119999997,19,7.900000095,2.74,1
1161305,34.091667,-101.410001,165,513.3758021,990,7.48247126,27,0.119999997,19,7.900000095,2.03,1
1162502,34.076111,-101.313612,104,520.6358429,971,7.60475506,27,0.119999997,19,7.900000095,0.78,0
1163601,34.074167,-101.125278,350,562.3602965,944,7.76725638,27,0.119999997,19,7.900000095,2.1,1
2304202,33.996667,-101.551389,320,498.3353656,992,7.66505717,27,0.119999997,19,7.900000095,4.57,1
2304605,33.945556,-101.513889,350,501.1138966,983,7.78213017,27,0.119999997,19,7.900000095,4.59,1
2305202,33.977222,-101.444445,412,505.5403196,978,7.71774132,27,0.119999997,19,7.900000095,3.41,1
2305301,33.981389,-101.394445,331,506.2331463,975,7.6919339,27,0.119999997,19,7.900000095,3.383333333,1
2305502,33.936945,-101.446111,425,505.8035411,974,7.80026413,27,0.119999997,19,7.900000095,2.96,1
2305602,33.952778,-101.376667,365,507.4105628,969,7.76140467,27,0.119999997,19,7.900000095,3.67,1
2305603,33.933889,-101.398611,379,507.8327526,969,7.80384571,27,0.119999997,19,7.900000095,3.28,1
2306108,33.963334,-101.359167,320,507.370906,968,7.73596618,27,0.119999997,19,7.900000095,2.91,1
2306901,33.898334,-101.262501,300,521.9027661,949,7.86764839,27,0.119999997,19,7.900000095,3.4,1
2307405,33.934167,-101.234167,320,523.9362353,951,7.81508042,27,0.119999997,19,7.900000095,3.64,1
2307803,33.875555,-101.175278,350,534.1329976,939,7.90766659,27,0.119999997,19,7.900000095,1.975,0
2308403,33.9438889,-101.0880556,386,557.3792355,936,7.94166898,27,0.119999997,19,7.900000095,3.168,1
2313304,33.868055,-101.414445,400,509.3617605,964,7.91436904,27,0.119999997,19,7.900000095,2.96,1
2316205,33.858612,-101.047778,415,560.813298,913,8.14420257,27,0.119999997,19,7.900000095,2.13,1
